timestamp,load_gw,year,month,quarter,week,holiday_days,has_holiday,lag_1,lag_2,lag_4,lag_8,lag_12,lag_26,lag_52,rolling_mean_4,rolling_mean_8,rolling_mean_12,rolling_std_4,rolling_std_8,temp_mean,temp_min,temp_max,heating_degree_days,cooling_degree_days
2016-01-03 00:00:00+00:00,47.36403571428572,2016,1,1,53,0,0,48.25336309523809,57.62785714285714,60.106678571428574,56.496375,54.71454761904762,54.222988095238094,47.23373958333334,56.473808035714285,57.62470758928572,56.94347767857143,5.5944731256168945,4.034931917179242,6.58462399755233,4.2452731412115625,9.790135494208899,11.415376002447669,0.0
2016-01-10 00:00:00+00:00,56.615142857142864,2016,1,1,1,0,0,47.36403571428572,48.25336309523809,59.90733333333334,58.491214285714285,56.24397023809523,53.87792857142857,56.19110119047619,53.288147321428575,56.48316517857143,56.33093501984127,6.405488670730758,5.445155505120374,16.893410310726942,10.946851996722241,21.883847831431947,1.1065896892730578,0.0
2016-01-17 00:00:00+00:00,59.91391071428571,2016,1,1,2,0,0,56.615142857142864,47.36403571428572,57.62785714285714,59.382172619047616,55.76396428571428,53.72251785714285,57.67267857142857,52.465099702380954,56.24865625,56.36186607142857,5.404828138931816,5.38640127297975,20.247996179967608,16.750912996943125,24.258877740337525,0.0,0.0
2016-01-24 00:00:00+00:00,61.26752976190476,2016,1,1,3,0,0,59.91391071428571,56.615142857142864,48.25336309523809,60.73266666666667,55.60158928571428,53.66004761904762,58.613303571428574,53.036613095238096,56.315123511904766,56.70769494047619,6.1957165984032505,5.43366560031783,19.45024095292959,15.967672364662027,22.37909173351686,0.0,0.0
2016-01-31 00:00:00+00:00,59.18508928571429,2016,1,1,4,0,0,61.26752976190476,59.91391071428571,47.36403571428572,60.106678571428574,56.496375,52.31118452380953,58.73402976190476,56.290154761904766,56.38198139880952,57.17985664682541,6.263308167610139,5.498687289020711,5.286259814218892,0.03506154518888138,10.884558107317165,12.71374018578111,0.0
2016-02-07 00:00:00+00:00,59.32980952380952,2016,2,1,5,0,0,59.18508928571429,61.26752976190476,56.615142857142864,59.90733333333334,58.491214285714285,52.515363095238094,59.32389880952381,59.24541815476191,56.266782738095245,57.403916170634915,1.9542948743376147,5.418576674783227,9.526300993190283,3.7373066836548485,13.061865878683129,8.473699006809717,0.0
2016-02-14 00:00:00+00:00,58.9735119047619,2016,2,1,6,0,0,59.32980952380952,59.18508928571429,59.91391071428571,57.62785714285714,59.382172619047616,52.66826785714286,58.13777976190477,59.924084821428565,56.19459226190476,57.47379910714286,0.9494253264850829,5.366744756876473,14.65010745122851,8.706103195937027,18.824318895684463,3.3498925487714892,0.0
2016-02-21 00:00:00+00:00,59.96314285714285,2016,2,1,7,0,0,58.9735119047619,59.32980952380952,61.26752976190476,48.25336309523809,60.73266666666667,51.806595238095234,57.80289880952381,59.68898511904762,56.362799107142855,57.43974404761905,1.062485016195439,5.438690005328673,19.804361016978874,14.790848275943107,25.43024946083706,0.0,0.0
2016-02-28 00:00:00+00:00,58.631726190476186,2016,2,1,8,0,0,59.96314285714285,58.9735119047619,59.18508928571429,47.36403571428572,60.106678571428574,53.67769047619048,58.86245238095238,59.362888392857144,57.82652157738095,57.37561706349206,0.4260775381137954,4.425818693374801,8.16660609723768,4.661567755114017,12.66355808089365,9.83339390276232,0.0
2016-03-06 00:00:00+00:00,58.698702380952376,2016,3,1,9,0,0,58.631726190476186,59.96314285714285,59.32980952380952,56.615142857142864,59.90733333333334,53.87086904761905,59.01157738095238,59.22454761904761,59.23498288690476,57.25270436507936,0.5689344339354111,1.3325451317180816,10.514728186689464,8.180725319894789,12.98232034952292,7.485271813310536,0.0
2016-03-13 00:00:00+00:00,58.708357142857146,2016,3,1,10,0,0,58.698702380952376,58.631726190476186,58.9735119047619,59.91391071428571,57.62785714285714,53.435452380952384,56.92314880952381,59.06677083333333,59.49542782738095,57.151985119047616,0.6156076292965084,0.8710517583295896,3.1493202079517744,-1.9592674557579723,8.908648702405674,14.850679792048226,0.0
2016-03-20 00:00:00+00:00,57.62138095238095,2016,3,1,11,0,0,58.708357142857146,58.698702380952376,59.96314285714285,61.26752976190476,48.25336309523809,54.56171428571429,55.459291666666665,59.00048214285714,59.344733630952376,57.24202678571428,0.6426778984754502,0.8923324627810363,2.4303470073546336,-1.8032699915885866,6.941179219640305,15.569652992645366,0.0
2016-03-27 00:00:00+00:00,54.01777976190476,2016,3,1,12,0,0,57.62138095238095,58.708357142857146,58.631726190476186,59.18508928571429,47.36403571428572,52.76889285714286,55.87660714285715,58.41504166666667,58.888965029761906,58.022694940476185,0.5302033828829569,0.6745156907859295,18.500206579153584,14.803318542165679,21.83982903778193,0.0,0.0
2016-04-03 00:00:00+00:00,53.22379166666666,2016,4,2,13,0,0,54.01777976190476,57.62138095238095,58.698702380952376,59.32980952380952,56.615142857142864,53.40454761904762,53.36976190476191,57.26155505952381,58.243051339285714,58.57717361111111,2.2218746999205674,1.831779786136321,22.84992022856658,17.224502688187638,25.40700851922013,0.0,0.8499202285665817
2016-04-10 00:00:00+00:00,54.83217857142857,2016,4,2,14,0,0,53.22379166666666,54.01777976190476,58.708357142857146,58.9735119047619,59.91391071428571,54.71454761904762,51.60528571428571,55.89282738095238,57.47979910714285,58.29456101190476,2.6804639217430806,2.4738464222127945,11.423919027357329,8.979129098132724,16.600019784438512,6.576080972642671,0.0
2016-04-17 00:00:00+00:00,53.15043452380952,2016,4,2,15,0,0,54.83217857142857,53.22379166666666,57.62138095238095,59.96314285714285,61.26752976190476,56.24397023809523,53.378732142857146,54.92378273809524,56.96213244047619,57.87108333333333,1.9145267896507263,2.5487896063484206,20.028263183136193,16.057762765972758,24.50855420685025,0.0,0.0
2016-04-24 00:00:00+00:00,53.383125,2016,4,2,16,0,0,53.15043452380952,54.83217857142857,54.01777976190476,58.631726190476186,59.18508928571429,55.76396428571428,52.51192261904762,53.80604613095238,56.110543898809524,57.19465873015872,0.7888019938435462,2.540968666096897,14.893088200381072,12.847673621311396,19.02693256828636,3.1069117996189277,0.0
2016-05-01 00:00:00+00:00,54.88391071428571,2016,5,2,17,0,0,53.383125,53.15043452380952,53.22379166666666,58.698702380952376,59.32980952380952,55.60158928571428,50.88061904761904,53.64738244047619,55.45446875,56.71116170634921,0.7958140993771284,2.4737082986968018,6.839041963159006,2.9643993951825007,12.414612295362836,11.160958036840995,0.0
2016-05-08 00:00:00+00:00,50.6261130952381,2016,5,2,18,0,0,54.88391071428571,53.383125,54.83217857142857,58.708357142857146,58.9735119047619,56.496375,53.23302976190476,54.062412202380955,54.97761979166666,56.34067013888889,0.9238568535419481,2.0981636330269176,14.891164844067312,12.665951741339963,20.045553688965434,3.108835155932688,0.0
2016-05-15 00:00:00+00:00,53.83086309523809,2016,5,2,19,0,0,50.6261130952381,54.88391071428571,53.15043452380952,57.62138095238095,59.96314285714285,58.491214285714285,49.984785714285714,53.01089583333333,53.96733928571429,55.64505357142857,1.76572922148733,1.9881042713576158,24.304292531727754,21.829020866655465,26.91099205065876,0.0,2.3042925317277536
2016-05-22 00:00:00+00:00,51.5158630952381,2016,5,2,20,0,0,53.83086309523809,50.6261130952381,53.383125,54.01777976190476,58.631726190476186,59.382172619047616,52.28980357142857,53.18100297619047,53.493524553571426,55.13403025793651,1.8157210280486813,1.3383631902011988,11.713391687120387,9.243286700011968,14.96027995830258,6.286608312879613,0.0
2016-05-29 00:00:00+00:00,51.86942857142857,2016,5,2,21,0,0,51.5158630952381,53.83086309523809,54.88391071428571,53.22379166666666,58.698702380952376,60.73266666666667,50.47083928571429,52.714187499999994,53.18078497023809,54.541041666666665,1.9791159061964898,1.4828719791887996,24.517149246512048,19.920308038047793,27.511105805769912,0.0,2.517149246512048
2016-06-05 00:00:00+00:00,53.917023809523805,2016,6,2,22,0,0,51.86942857142857,51.5158630952381,50.6261130952381,54.83217857142857,58.708357142857146,60.106678571428574,50.596398809523805,51.96056696428571,53.01148958333333,53.97193551587302,1.3521393522697562,1.5529181632005085,-8.957960832717955,-13.942140349779649,-3.982175662427247,26.957960832717955,0.0
2016-06-12 00:00:00+00:00,53.39696428571429,2016,6,2,23,0,0,53.917023809523805,51.86942857142857,53.83086309523809,53.15043452380952,57.62138095238095,59.90733333333334,53.15695238095238,52.78329464285714,52.89709523809524,53.57265773809524,1.2681055963105308,1.4283496503126452,18.57522003500179,14.241744974613153,20.709349773944908,0.0,0.0
2016-06-19 00:00:00+00:00,53.58318452380953,2016,6,2,24,0,0,53.39696428571429,53.917023809523805,51.5158630952381,53.383125,54.01777976190476,57.62785714285714,52.58079761904762,52.67481994047619,52.92791145833333,53.220623015873024,1.1628125578521984,1.4372279976439288,12.69637654590537,6.8476863520072015,16.975935285390634,5.30362345409463,0.0
2016-06-26 00:00:00+00:00,53.79445238095239,2016,6,2,25,0,0,53.58318452380953,53.39696428571429,51.86942857142857,54.88391071428571,53.22379166666666,48.25336309523809,52.852244047619045,53.19165029761905,52.95291889880953,53.18440674603175,0.9073569508870053,1.447980399712921,9.60794119627306,6.108458878178244,14.657775939235822,8.39205880372694,0.0
2016-07-03 00:00:00+00:00,53.90750595238095,2016,7,3,26,0,0,53.79445238095239,53.58318452380953,53.917023809523805,50.6261130952381,54.83217857142857,47.36403571428572,54.222988095238094,53.672906250000004,52.81673660714286,53.23196180555556,0.229899108756785,1.2821641828950405,12.73408621228402,9.591237867156575,18.24114875933102,5.265913787715981,0.0
2016-07-10 00:00:00+00:00,53.99964285714286,2016,7,3,27,0,0,53.90750595238095,53.79445238095239,53.39696428571429,53.83086309523809,53.15043452380952,56.615142857142864,53.87792857142857,53.67052678571429,53.226910714285715,53.15490575396826,0.22655521086460378,0.9675166260313774,-3.9005513168071424,-9.374947829564984,-0.5322243219435125,21.900551316807142,0.0
2016-07-17 00:00:00+00:00,53.4520119047619,2016,7,3,28,0,0,53.99964285714286,53.90750595238095,53.58318452380953,51.5158630952381,53.383125,59.91391071428571,53.72251785714285,53.82119642857143,53.24800818452381,53.22567311507937,0.1794968640963553,0.9842629302951927,10.242624897299905,7.348241543222095,15.527654115987957,7.757375102700095,0.0
2016-07-24 00:00:00+00:00,53.62673809523809,2016,7,3,29,0,0,53.4520119047619,53.99964285714286,53.79445238095239,51.86942857142857,54.88391071428571,61.26752976190476,53.66004761904762,53.78840327380952,53.490026785714285,53.23141369047619,0.23944613484483712,0.6922139938146457,14.856900572093972,9.004010414331526,17.2994275199148,3.1430994279060283,0.0
2016-07-31 00:00:00+00:00,52.74389285714286,2016,7,3,30,0,0,53.62673809523809,53.4520119047619,53.90750595238095,53.917023809523805,50.6261130952381,59.18508928571429,52.31118452380953,53.74647470238095,53.709690476190474,53.12664930555556,0.25236902367599895,0.22692220420425477,23.82315235793213,21.774534459172866,29.208961524870205,0.0,1.8231523579321305
2016-08-07 00:00:00+00:00,51.83383333333334,2016,8,3,31,0,0,52.74389285714286,53.62673809523809,53.99964285714286,53.39696428571429,53.83086309523809,59.32980952380952,52.515363095238094,53.45557142857143,53.56304910714286,53.30313095238095,0.5265645912913657,0.39246550498903954,7.853838253810821,1.9743229469802648,10.363792903138751,10.146161746189179,0.0
2016-08-14 00:00:00+00:00,51.67182738095238,2016,8,3,32,0,0,51.83383333333334,52.74389285714286,53.4520119047619,53.58318452380953,51.5158630952381,58.9735119047619,52.66826785714286,52.914119047619046,53.36765773809525,53.13671180555556,0.8150968885574539,0.7304973781062202,5.532051176854499,3.3594115290521946,9.121200339095967,12.467948823145502,0.0
2016-08-21 00:00:00+00:00,51.74010119047619,2016,8,3,33,0,0,51.67182738095238,51.83383333333334,53.62673809523809,53.79445238095239,51.86942857142857,59.96314285714285,51.806595238095234,52.46907291666667,53.12873809523809,53.14970882936509,0.9045891217949839,0.9341239574247064,7.985943651323708,2.4213711965314237,13.175125114441922,10.014056348676291,0.0
2016-08-28 00:00:00+00:00,53.69797023809524,2016,8,3,34,0,0,51.74010119047619,51.67182738095238,52.74389285714286,53.90750595238095,53.917023809523805,58.631726190476186,53.67769047619048,51.99741369047619,52.871944196428565,53.138931547619045,0.5020643541470616,1.0046822572463883,19.323216941616593,15.212412505271393,21.922886651011687,0.0,0.0
2016-09-04 00:00:00+00:00,53.27640476190476,2016,9,3,35,0,0,53.69797023809524,51.74010119047619,51.83383333333334,53.99964285714286,53.39696428571429,58.698702380952376,53.87086904761905,52.23593303571428,52.84575223214286,53.12067708333334,0.9769512714369395,0.9761548314948421,14.630008877277476,8.658149692800274,17.547014458208043,3.3699911227225243,0.0
2016-09-11 00:00:00+00:00,53.12014285714285,2016,9,3,36,0,0,53.27640476190476,53.69797023809524,51.67182738095238,53.4520119047619,53.58318452380953,58.708357142857146,53.435452380952384,52.59657589285714,52.75534747023809,53.110630456349206,1.0430636799034374,0.8830759265594695,7.7619183698636895,5.466732110922094,12.650928643435954,10.23808163013631,0.0
2016-09-18 00:00:00+00:00,52.75345833333333,2016,9,3,37,0,0,53.12014285714285,53.27640476190476,51.74010119047619,53.62673809523809,53.79445238095239,57.62138095238095,54.56171428571429,52.95865476190476,52.713863839285715,53.07204365079365,0.8482341750521573,0.852955270252678,16.10613946490685,11.890722327301567,20.986285611091148,1.8938605350931503,0.0
2016-09-25 00:00:00+00:00,52.47220833333333,2016,9,3,38,0,0,52.75345833333333,53.12014285714285,53.69797023809524,52.74389285714286,53.90750595238095,54.01777976190476,52.76889285714286,53.211994047619044,52.60470386904762,52.985294146825396,0.3911577858492797,0.7714207648712667,12.776620394784324,6.899410252307928,17.341210926325513,5.223379605215676,0.0
2016-10-02 00:00:00+00:00,54.08543452380952,2016,10,4,39,0,0,52.47220833333333,52.75345833333333,53.27640476190476,51.83383333333334,53.99964285714286,53.22379166666666,53.40454761904762,52.90555357142857,52.570743303571426,52.86568601190476,0.3626293901729265,0.7703973842708468,19.749159924263115,15.65676854758252,24.524953702131516,0.0,0.0
2016-10-09 00:00:00+00:00,53.84390476190476,2016,10,4,40,0,0,54.08543452380952,52.47220833333333,53.12014285714285,51.67182738095238,53.4520119047619,54.83217857142857,54.71454761904762,53.10781101190476,52.85219345238095,52.87283531746031,0.7036704700481757,0.8678482920542435,6.383575248981181,1.8659806964401309,10.554473022371566,11.616424751018819,0.0
2016-10-16 00:00:00+00:00,56.49220238095239,2016,10,4,41,0,0,53.84390476190476,54.08543452380952,52.75345833333333,51.74010119047619,53.62673809523809,53.15043452380952,56.24397023809523,53.28875148809523,53.123703125,52.90549305555555,0.79502211749935,0.7812637972635169,9.378702827217854,4.595708071279385,12.385899062845665,8.621297172782146,0.0
2016-10-23 00:00:00+00:00,56.93340476190476,2016,10,4,42,0,0,56.49220238095239,53.84390476190476,52.47220833333333,53.69797023809524,52.74389285714286,53.383125,55.76396428571428,54.223437499999996,53.71771577380952,53.144281746031744,1.6710463388697838,1.2468380897849565,8.86313477494274,5.044970515871647,12.245918748958417,9.13686522505726,0.0
2016-10-30 00:00:00+00:00,56.78274404761905,2016,10,4,43,0,0,56.93340476190476,56.49220238095239,54.08543452380952,53.27640476190476,51.83383333333334,54.88391071428571,55.60158928571428,55.338736607142856,54.12214508928571,53.49340773809524,1.5998685542660003,1.6866703364581124,0.2918804149430514,-4.218351905393202,3.018271282148754,17.70811958505695,0.0
2016-11-06 00:00:00+00:00,56.02982142857143,2016,11,4,44,0,0,56.78274404761905,56.93340476190476,53.84390476190476,53.12014285714285,51.67182738095238,50.6261130952381,56.496375,56.01306398809524,54.5604375,53.90581696428571,1.4576533518001058,1.8799964279837618,14.368962216516609,10.031704968824208,20.002764461851122,3.631037783483391,0.0
2016-11-13 00:00:00+00:00,59.931113095238096,2016,11,4,45,0,0,56.02982142857143,56.78274404761905,56.49220238095239,52.75345833333333,51.74010119047619,53.83086309523809,58.491214285714285,56.55954315476191,54.92414732142857,54.26898313492063,0.39779853648283364,1.8426327353736456,14.088442177439115,8.483810135475158,18.422009356503597,3.9115578225608854,0.0
2016-11-20 00:00:00+00:00,60.27217261904762,2016,11,4,46,0,0,59.931113095238096,56.02982142857143,56.93340476190476,52.47220833333333,53.69797023809524,51.5158630952381,59.382172619047616,57.419270833333336,55.821354166666666,54.951567460317456,1.7205767817200157,2.3202537538017824,12.040907653139687,9.859122131773855,15.644313320194247,5.959092346860313,0.0
2016-11-27 00:00:00+00:00,59.39114285714285,2016,11,4,47,0,0,60.27217261904762,59.931113095238096,56.78274404761905,54.08543452380952,53.27640476190476,51.86942857142857,60.73266666666667,58.25396279761905,56.79634970238095,55.49941765873015,2.1600380740453047,2.3504746967379297,10.123302932998826,6.999450174629905,13.971326147575356,7.8766970670011744,0.0
2016-12-04 00:00:00+00:00,61.19801785714286,2016,12,4,48,0,0,59.39114285714285,60.27217261904762,56.02982142857143,53.84390476190476,53.12014285714285,53.917023809523805,60.106678571428574,58.906062500000004,57.45956324404762,56.00897916666667,1.9514995289112036,2.2212670739218834,0.677034063596686,-5.124611872709549,6.466167422043947,17.322965936403314,0.0
2016-12-11 00:00:00+00:00,61.379577380952384,2016,12,4,49,0,0,61.19801785714286,59.39114285714285,59.931113095238096,56.49220238095239,52.75345833333333,53.39696428571429,59.90733333333334,60.198111607142856,58.37882738095239,56.682135416666675,0.7588992711181592,2.0241709450436858,8.634837417877128,3.073782282313463,11.248243030341449,9.365162582122872,0.0
2016-12-18 00:00:00+00:00,60.407535714285714,2016,12,4,50,0,0,61.379577380952384,61.19801785714286,60.27217261904762,56.93340476190476,52.47220833333333,53.58318452380953,57.62785714285714,60.56022767857143,58.98974925595238,57.40097867063492,0.9179406813964367,2.1091710787605624,9.258283867785844,5.435656856642992,13.603203195853032,8.741716132214156,0.0
2016-12-25 00:00:00+00:00,56.62632142857143,2016,12,4,51,0,0,60.407535714285714,61.379577380952384,59.39114285714285,56.78274404761905,54.08543452380952,53.79445238095239,48.25336309523809,60.59406845238095,59.424015624999996,58.06225595238095,0.9062015247614131,1.9789277762503739,5.581781846227049,1.1012514550209023,9.605336561764913,12.418218153772951,0.0
2017-01-01 00:00:00+00:00,48.6865119047619,2017,1,1,52,0,0,56.62632142857143,60.407535714285714,61.19801785714286,56.02982142857143,53.84390476190476,53.90750595238095,47.36403571428572,59.90286309523809,59.40446279761905,58.27399652777779,2.224749475389532,2.0092928668026353,10.709714306671927,7.600189574747397,15.155531248410519,7.290285693328073,0.0
2017-01-08 00:00:00+00:00,58.90288095238095,2017,1,1,1,0,0,48.6865119047619,56.62632142857143,61.379577380952384,59.931113095238096,56.49220238095239,53.99964285714286,56.615142857142864,56.77498660714286,58.48654910714286,57.844213789682534,5.768974303878559,4.225881943432278,15.232406854516308,12.479922215621261,17.30484758979967,2.7675931454836924,0.0
2017-01-15 00:00:00+00:00,62.23366071428571,2017,1,1,2,0,0,58.90288095238095,48.6865119047619,60.407535714285714,60.27217261904762,56.93340476190476,53.4520119047619,59.91391071428571,56.155812499999996,58.35802008928571,58.045103670634916,5.216491969604762,4.191163439240707,27.089487209684243,23.234693589924316,32.57798284546085,0.0,5.089487209684243
2017-01-22 00:00:00+00:00,62.73407738095239,2017,1,1,3,0,0,62.23366071428571,58.90288095238095,56.62632142857143,59.39114285714285,56.78274404761905,53.62673809523809,61.26752976190476,56.61234375,58.60320610119048,58.48679166666667,5.763817337579519,4.37258729757635,13.396622502654711,9.9832135905505,19.12509563258916,4.603377497345289,0.0
2017-01-29 00:00:00+00:00,63.07044642857142,2017,1,1,4,0,0,62.73407738095239,62.23366071428571,48.6865119047619,61.19801785714286,56.02982142857143,52.74389285714286,59.18508928571429,58.13928273809523,59.02107291666667,58.982736111111116,6.527225737435503,4.611832445216383,14.060403125782114,9.725778678378626,18.320935860138952,3.9395968742178855,0.0
2017-02-05 00:00:00+00:00,61.047892857142855,2017,2,1,5,0,0,63.07044642857142,62.73407738095239,58.90288095238095,61.379577380952384,59.931113095238096,51.83383333333334,59.32980952380952,61.73526636904762,59.255126488095236,59.569454861111105,1.9192996379552936,4.782454203946468,11.404432673870662,9.093494126010723,16.19103596937823,6.595567326129338,0.0
2017-02-12 00:00:00+00:00,61.79589285714285,2017,2,1,6,0,0,61.047892857142855,63.07044642857142,62.23366071428571,60.407535714285714,60.27217261904762,51.67182738095238,58.9735119047619,62.2715193452381,59.21366592261904,59.66251984126984,0.8852380996462293,4.762802976036974,-3.350169722392332,-9.247748953056998,2.339827802316851,21.35016972239233,0.0
2017-02-19 00:00:00+00:00,60.665934523809526,2017,2,1,7,0,0,61.79589285714285,61.047892857142855,62.73407738095239,56.62632142857143,59.39114285714285,51.74010119047619,59.96314285714285,62.16207738095238,59.38721056547619,59.78949652777778,0.9179354707256803,4.837231708872298,11.787888996406265,5.843046018487853,16.61684353365986,6.212111003593735,0.0
2017-02-26 00:00:00+00:00,60.167023809523805,2017,2,1,8,0,0,60.665934523809526,61.79589285714285,63.07044642857142,48.6865119047619,61.19801785714286,53.69797023809524,58.631726190476186,61.645041666666664,59.89216220238095,59.89572916666666,1.0598384019652494,4.717209997561691,12.48184167952821,7.68919482344923,15.091997851185257,5.518158320471789,0.0
2017-03-05 00:00:00+00:00,58.60378571428571,2017,3,1,9,0,0,60.167023809523805,60.665934523809526,61.047892857142855,58.90288095238095,61.379577380952384,53.27640476190476,58.698702380952376,60.919186011904756,61.32722619047619,59.809812996031745,0.6867956123461044,1.4039827145252775,31.70593689988229,27.56155143450581,36.01109034054954,0.0,9.705936899882289
2017-03-12 00:00:00+00:00,58.66591666666667,2017,3,1,10,0,0,58.60378571428571,60.167023809523805,61.79589285714285,62.23366071428571,60.407535714285714,53.12014285714285,58.708357142857146,60.308159226190476,61.28983928571429,59.57849702380952,1.3249104113329393,1.4797040335098144,10.46111228175102,7.223001816605709,14.887972467282445,7.538887718248979,0.0
2017-03-19 00:00:00+00:00,57.60036904761904,2017,3,1,11,0,0,58.66591666666667,58.60378571428571,60.665934523809526,62.73407738095239,56.62632142857143,52.75345833333333,57.62138095238095,59.52566517857143,60.843871279761906,59.4333621031746,1.0489016991727682,1.6788490747511913,14.412378738668899,9.157198659841104,18.108901423878443,3.587621261331101,0.0
2017-03-26 00:00:00+00:00,57.11447023809524,2017,3,1,12,0,0,57.60036904761904,58.66591666666667,60.167023809523805,63.07044642857142,48.6865119047619,52.47220833333333,54.01777976190476,58.759273809523805,60.20215773809523,59.514532738095234,1.057940202082963,1.8276760020396536,11.722305842358054,6.983381152142536,16.668082784856946,6.277694157641946,0.0
2017-04-02 00:00:00+00:00,55.12839880952381,2017,4,2,13,0,0,57.11447023809524,57.60036904761904,58.60378571428571,61.047892857142855,58.90288095238095,54.08543452380952,53.22379166666666,57.99613541666666,59.45766071428571,60.216862599206344,0.7641575564030324,1.701063722543482,2.6505756990437437,0.00010794166417849027,8.388043758119803,15.349424300956256,0.0
2017-04-09 00:00:00+00:00,55.1238869047619,2017,4,2,14,0,0,55.12839880952381,57.11447023809524,58.66591666666667,61.79589285714285,62.23366071428571,53.84390476190476,54.83217857142857,57.127288690476185,58.71772395833333,59.902322420634924,1.4817676541129574,2.1410592727648536,21.142582516120164,15.498873778144794,26.84485656774727,0.0,0.0
2017-04-16 00:00:00+00:00,52.68770833333333,2017,4,2,15,0,0,55.1238869047619,55.12839880952381,57.60036904761904,60.665934523809526,62.73407738095239,56.49220238095239,53.15043452380952,56.241781249999995,57.883723214285716,59.309841269841264,1.3034128406684586,2.0689896338860523,18.015464261494195,12.725315289801518,21.818821747110725,0.0,0.0
2017-04-23 00:00:00+00:00,53.893386904761904,2017,4,2,16,0,0,52.68770833333333,55.1238869047619,57.11447023809524,60.167023809523805,63.07044642857142,56.93340476190476,53.383125,55.01361607142857,56.88644494047619,58.47264384920635,1.8118838970696003,2.428002881994998,18.328255576344375,12.52905592317668,20.781207759707396,0.0,0.0
2017-04-30 00:00:00+00:00,55.81677976190476,2017,4,2,17,0,0,53.893386904761904,52.68770833333333,55.12839880952381,58.60378571428571,61.047892857142855,56.78274404761905,54.88391071428571,54.20834523809524,56.102240327380954,57.707888888888895,1.1685105142246435,2.2214142744896805,4.724900361642089,-0.17797767191135172,10.664265157491426,13.275099638357911,0.0
2017-05-07 00:00:00+00:00,53.79869642857143,2017,5,2,18,0,0,55.81677976190476,53.893386904761904,55.1238869047619,58.66591666666667,61.79589285714285,56.02982142857143,50.6261130952381,54.38044047619048,55.75386458333333,57.27196279761905,1.3806214089730708,1.9782966263111044,23.222354487488793,18.768693703745633,28.57794683327253,0.0,1.2223544874887935
2017-05-14 00:00:00+00:00,54.315494047619055,2017,5,2,19,0,0,53.79869642857143,55.81677976190476,52.68770833333333,57.60036904761904,60.665934523809526,59.931113095238096,53.83086309523809,54.049142857142854,55.14546205357143,56.60552976190476,1.2993623461762998,1.6808590007706048,0.7851914976617529,-2.8877806475007226,3.2838422224748203,17.214808502338247,0.0
2017-05-21 00:00:00+00:00,54.192547619047616,2017,5,2,20,0,0,54.315494047619055,53.79869642857143,53.893386904761904,57.11447023809524,60.167023809523805,60.27217261904762,51.5158630952381,54.45608928571429,54.73485267857143,56.076326388888894,0.9345310644242806,1.3675048672714896,16.694856750402163,10.96394281698611,22.378224280871652,1.3051432495978368,0.0
2017-05-28 00:00:00+00:00,50.713119047619045,2017,5,2,21,0,0,54.192547619047616,54.315494047619055,55.81677976190476,55.12839880952381,58.60378571428571,59.39114285714285,51.86942857142857,54.53087946428572,54.369612351190476,55.57845337301587,0.8851536379670564,0.9750309891124234,29.52364500647983,24.059389448478193,35.00323045472834,0.0,7.523645006479828
2017-06-04 00:00:00+00:00,53.60283333333333,2017,6,2,22,0,0,50.713119047619045,54.192547619047616,53.79869642857143,55.1238869047619,58.66591666666667,61.19801785714286,53.917023809523805,53.25496428571429,53.817702380952376,54.92089781746032,1.7088405172740884,1.5589441241628845,4.075709398954493,1.8948347185297356,8.15106162745878,13.924290601045506,0.0
2017-06-11 00:00:00+00:00,51.67090476190476,2017,6,2,23,0,0,53.60283333333333,50.713119047619045,54.315494047619055,52.68770833333333,57.60036904761904,61.379577380952384,53.39696428571429,53.20599851190477,53.62757068452381,54.4989742063492,1.6907774724002955,1.466920860526014,7.469618163177825,5.364150265188817,11.834719906157542,10.530381836822176,0.0
2017-06-18 00:00:00+00:00,52.428803571428574,2017,6,2,24,0,0,51.67090476190476,53.60283333333333,54.192547619047616,53.893386904761904,57.11447023809524,60.407535714285714,53.58318452380953,52.54485119047619,53.50047023809524,54.00485218253968,1.6282152538407542,1.598166886646757,12.79721092070113,9.291357453188931,16.39322173618165,5.202789079298871,0.0
2017-06-25 00:00:00+00:00,55.39275,2017,6,2,25,0,0,52.428803571428574,51.67090476190476,50.713119047619045,55.81677976190476,55.12839880952381,56.62632142857143,53.79445238095239,52.10391517857143,53.317397321428565,53.61437996031746,1.2212179714395297,1.6302901660214888,7.972194767070406,2.7299814439430747,10.191241322358533,10.027805232929595,0.0
2017-07-02 00:00:00+00:00,54.41000595238095,2017,7,3,26,0,0,55.39275,52.428803571428574,53.60283333333333,53.79869642857143,55.1238869047619,48.6865119047619,53.90750595238095,53.27382291666666,53.26439360119048,53.63640922619047,1.6208541105900143,1.5419201007558672,-0.40530744852906153,-6.35441196578884,2.935481518054542,18.40530744852906,0.0
2017-07-09 00:00:00+00:00,54.70618452380952,2017,7,3,27,0,0,54.41000595238095,55.39275,51.67090476190476,54.315494047619055,52.68770833333333,58.90288095238095,53.99964285714286,53.475616071428576,53.340807291666664,53.5769191468254,1.7225258847193383,1.5866793226700227,12.548503798448218,9.946836234034105,17.759917592840264,5.451496201551782,0.0
2017-07-16 00:00:00+00:00,54.35202380952381,2017,7,3,28,0,0,54.70618452380952,54.41000595238095,52.428803571428574,54.192547619047616,53.893386904761904,62.23366071428571,53.4520119047619,54.23443601190476,53.38964360119048,53.74512549603174,1.2721859491441792,1.6264782174871857,3.501570290191161,-0.8749525712173796,5.520098382209572,14.498429709808839,0.0
2017-07-23 00:00:00+00:00,53.961916666666674,2017,7,3,29,0,0,54.35202380952381,54.70618452380952,55.39275,50.713119047619045,55.81677976190476,62.73407738095239,53.62673809523809,54.715241071428565,53.409578125,53.78334523809523,0.47756173304050475,1.6386563077850669,15.788739445081452,12.265176018557366,19.12273613184603,2.211260554918548,0.0
2017-07-30 00:00:00+00:00,53.00951785714286,2017,7,3,30,0,0,53.961916666666674,54.35202380952381,54.41000595238095,53.60283333333333,53.79869642857143,63.07044642857142,52.74389285714286,54.357532738095244,53.81567782738095,53.62877331349207,0.30597054878164875,1.2253985956609958,4.644606126129575,-1.235051465128838,8.237280900493348,13.355393873870426,0.0
2017-08-06 00:00:00+00:00,52.79293452380952,2017,8,3,31,0,0,53.00951785714286,53.961916666666674,54.70618452380952,51.67090476190476,54.315494047619055,61.047892857142855,51.83383333333334,54.00741071428571,53.741513392857144,53.563008432539675,0.7314148127637672,1.2576508850073045,24.399475240140315,19.03099954759748,28.549057651892007,0.0,2.3994752401403154
2017-08-13 00:00:00+00:00,52.11597023809524,2017,8,3,32,0,0,52.79293452380952,53.00951785714286,54.35202380952381,52.428803571428574,54.192547619047616,61.79589285714285,51.67182738095238,53.52909821428572,53.881767113095236,53.436128472222215,0.7475379755621681,1.0369469720442193,5.733973661310103,0.3806588424655519,11.413396126961146,12.266026338689898,0.0
2017-08-20 00:00:00+00:00,52.12197023809524,2017,8,3,33,0,0,52.11597023809524,52.79293452380952,53.961916666666674,55.39275,50.713119047619045,60.665934523809526,51.74010119047619,52.97008482142857,53.842662946428575,53.263080357142854,0.7629284201771842,1.1033400993194258,9.423507870354594,5.548735231174714,12.80889184781844,8.576492129645406,0.0
2017-08-27 00:00:00+00:00,52.42855952380952,2017,8,3,34,0,0,52.12197023809524,52.11597023809524,53.00951785714286,54.41000595238095,53.60283333333333,60.167023809523805,53.69797023809524,52.51009821428571,53.433815476190475,53.38048462301587,0.46021608880070947,1.051684303178508,18.50813773895736,14.848859729606698,21.89595054654227,0.0,0.0
2017-09-03 00:00:00+00:00,52.75878571428572,2017,9,3,35,0,0,52.42855952380952,52.12197023809524,52.79293452380952,54.70618452380952,51.67090476190476,58.60378571428571,53.27640476190476,52.364858630952384,53.18613467261905,53.28262847222223,0.32054483684224533,1.0218403953647628,2.1530854685283582,-0.9405428191944667,7.103090460967351,15.846914531471642,0.0
2017-09-10 00:00:00+00:00,53.584172619047614,2017,9,3,36,0,0,52.75878571428572,52.42855952380952,52.11597023809524,54.35202380952381,52.428803571428574,58.66591666666667,53.12014285714285,52.356321428571434,52.94270982142857,53.37328521825396,0.30544231256696347,0.8200291695040113,13.819679476833036,11.594177490229328,17.628551240392266,4.180320523166964,0.0
2017-09-17 00:00:00+00:00,54.84592261904762,2017,9,3,37,0,0,53.584172619047614,52.75878571428572,52.12197023809524,53.961916666666674,55.39275,57.60036904761904,52.75345833333333,52.72337202380952,52.846728422619044,53.46956597222222,0.6300344731972494,0.661032098227673,22.457142034259427,16.998252529239213,25.355561326019355,0.0,0.45714203425942657
2017-09-24 00:00:00+00:00,54.23418452380953,2017,9,3,38,0,0,54.84592261904762,53.584172619047614,52.42855952380952,53.00951785714286,54.41000595238095,57.11447023809524,52.47220833333333,53.40436011904762,52.957229166666664,53.42399702380953,1.076938266617031,0.9035006003715295,-0.8598658764898204,-6.111469913010131,2.949892188040953,18.85986587648982,0.0
2017-10-01 00:00:00+00:00,54.80769047619048,2017,10,4,39,0,0,54.23418452380953,54.84592261904762,52.75878571428572,52.79293452380952,54.70618452380952,55.12839880952381,54.08543452380952,53.855766369047615,53.1103125,53.409345238095234,0.8945649633998312,1.0109824193420263,13.477070868258433,7.478200175113911,16.040498949777632,4.5229291317415665,0.0
2017-10-08 00:00:00+00:00,53.560232142857146,2017,10,4,40,0,0,54.80769047619048,54.23418452380953,53.584172619047614,52.11597023809524,54.35202380952381,55.1238869047619,53.84390476190476,54.36799255952381,53.36215699404762,53.41780406746032,0.5927421275244711,1.1605144294270968,14.07906235398739,8.092515005691768,16.784610300012282,3.920937646012611,0.0
2017-10-15 00:00:00+00:00,56.33339880952381,2017,10,4,41,0,0,53.560232142857146,54.80769047619048,54.84592261904762,52.12197023809524,53.961916666666674,52.68770833333333,56.49220238095239,54.3620074404762,53.542689732142854,53.351821428571434,0.6033212505987301,1.045607954666359,18.254582974218483,14.032856151807973,22.2480540651764,0.0,0.0
2017-10-22 00:00:00+00:00,56.55730952380953,2017,10,4,42,0,0,56.33339880952381,53.560232142857146,54.23418452380953,52.42855952380952,53.00951785714286,53.893386904761904,56.93340476190476,54.73387648809524,54.06911830357143,53.549444940476185,1.181955056938491,1.2652311427058829,2.1043943129753444,-2.9715553477466976,5.7800961109935365,15.895605687024656,0.0
2017-10-29 00:00:00+00:00,57.687714285714286,2017,10,4,43,0,0,56.55730952380953,56.33339880952381,54.80769047619048,52.75878571428572,52.79293452380952,55.81677976190476,56.78274404761905,55.314657738095235,54.58521205357143,53.84509424603175,1.404402815555887,1.3402829807604824,1.4363470953257895,-4.342715824203923,7.09573069959819,16.56365290467421,0.0
2017-11-05 00:00:00+00:00,53.707708333333336,2017,11,4,44,0,0,57.687714285714286,56.55730952380953,53.560232142857146,53.584172619047614,52.11597023809524,53.79869642857143,56.02982142857143,56.034663690476194,55.201328125,54.25299255952381,1.7528823018790696,1.5036813919486156,16.175532524935182,10.776942962225537,19.625108121401716,1.824467475064818,0.0
2017-11-12 00:00:00+00:00,59.21035714285714,2017,11,4,45,0,0,53.707708333333336,57.687714285714286,56.33339880952381,54.84592261904762,52.12197023809524,54.315494047619055,59.931113095238096,56.071532738095236,55.21677008928572,54.385637400793655,1.6836727251573864,1.4852226681057399,14.375877385865488,11.386484978892698,18.69823078697766,3.624122614134512,0.0
2017-11-19 00:00:00+00:00,59.97938095238095,2017,11,4,46,0,0,59.21035714285714,53.707708333333336,56.55730952380953,54.23418452380953,52.42855952380952,54.192547619047616,60.27217261904762,56.79077232142858,55.762324404761905,54.97633630952381,2.3251296758063806,2.0308822233621835,14.003942802767012,10.201766261526638,18.532999954445135,3.9960571972329877,0.0
2017-11-26 00:00:00+00:00,60.69883333333333,2017,11,4,47,0,0,59.97938095238095,59.21035714285714,57.687714285714286,54.80769047619048,52.75878571428572,50.713119047619045,59.39114285714285,57.646290178571434,56.480473958333334,55.60557142857143,2.793072438247737,2.396241772200809,14.771585675975805,12.254948015369825,16.82396350232914,3.228414324024195,0.0
2017-12-03 00:00:00+00:00,61.95860119047619,2017,12,4,48,0,0,60.69883333333333,59.97938095238095,53.707708333333336,53.560232142857146,53.584172619047614,53.60283333333333,61.19801785714286,58.39906994047619,57.21686681547619,56.26724206349207,3.1860819832094407,2.6952863122229,6.5598022273720735,0.743598118337184,11.213951715438917,11.440197772627926,0.0
2017-12-10 00:00:00+00:00,63.12195833333333,2017,12,4,49,0,0,61.95860119047619,60.69883333333333,59.21035714285714,56.33339880952381,54.84592261904762,51.67090476190476,61.379577380952384,60.46179315476191,58.266662946428575,56.965111111111106,1.1683943351078125,2.703132324744467,13.858029577288029,9.433331039484509,16.570173444767036,4.141970422711971,0.0
2017-12-17 00:00:00+00:00,62.71340476190477,2017,12,4,50,0,0,63.12195833333333,61.95860119047619,59.97938095238095,56.55730952380953,54.23418452380953,52.428803571428574,60.407535714285714,61.43969345238095,59.115232886904764,57.654780753968254,1.388124236033971,3.0524998204180935,14.344579786389449,11.430008564375598,20.18886105626727,3.655420213610551,0.0
2017-12-24 00:00:00+00:00,57.949869047619046,2017,12,4,51,0,0,62.71340476190477,63.12195833333333,60.69883333333333,57.687714285714286,54.80769047619048,55.39275,56.62632142857143,62.123199404761905,59.88474479166667,58.361382440476184,1.0648588386239806,3.0912541702029017,6.2851886557890575,1.5983859181656301,8.87983956680151,11.714811344210943,0.0
2017-12-31 00:00:00+00:00,48.223803571428576,2017,12,4,52,0,0,57.949869047619046,62.71340476190477,61.95860119047619,53.707708333333336,53.560232142857146,54.41000595238095,48.6865119047619,61.43595833333333,59.91751413690476,58.623230654761905,2.373495273639465,3.06592276658146,26.926196089158054,22.45368312732647,30.58469258406615,0.0,4.926196089158054
2018-01-07 00:00:00+00:00,54.85843452380953,2018,1,1,1,0,0,48.223803571428576,57.949869047619046,63.12195833333333,59.21035714285714,56.33339880952381,54.70618452380952,58.90288095238095,58.00225892857143,59.23202604166667,58.178528273809526,6.92885634933876,4.784218164457153,15.7906633672943,12.358012495162939,18.132062039608876,2.2093366327057,0.0
2018-01-14 00:00:00+00:00,60.05204761904762,2018,1,1,2,0,0,54.85843452380953,48.223803571428576,62.71340476190477,59.97938095238095,56.55730952380953,54.35202380952381,62.23366071428571,55.936377976190485,58.68803571428571,58.05561458333333,6.0725613592215115,5.02822936074031,2.469572022378811,0.015341653580295045,8.4570690297626,15.530427977621189,0.0
2018-01-21 00:00:00+00:00,61.86826785714286,2018,1,1,3,0,0,60.05204761904762,54.85843452380953,57.949869047619046,60.69883333333333,57.687714285714286,53.961916666666674,62.73407738095239,55.271038690476196,58.69711904761905,58.34684275793651,5.159713928727639,5.030960280762962,17.252428869070638,12.566136086699439,21.26120891039561,0.7475711309293622,0.0
2018-01-28 00:00:00+00:00,60.12823214285714,2018,1,1,4,0,0,61.86826785714286,60.05204761904762,48.223803571428576,61.95860119047619,53.707708333333336,53.00951785714286,63.07044642857142,56.25063839285715,58.84329836309524,58.69522222222222,6.120369862638105,5.113739294134531,4.2025466381814285,0.12131583456625528,8.584086707461605,13.797453361818572,0.0
2018-02-04 00:00:00+00:00,60.81609523809524,2018,2,1,5,0,0,60.12823214285714,61.86826785714286,54.85843452380953,63.12195833333333,59.21035714285714,52.79293452380952,61.047892857142855,59.22674553571429,58.614502232142854,59.230265873015874,3.0305985604028476,4.993988797035377,18.296676829939617,13.20740326299706,20.564982739493328,0.0,0.0
2018-02-11 00:00:00+00:00,61.24415476190476,2018,2,1,6,0,0,60.81609523809524,60.12823214285714,60.05204761904762,62.71340476190477,59.97938095238095,52.11597023809524,61.79589285714285,60.716160714285714,58.326269345238096,59.36407738095238,0.8414360712580256,4.7576208702813325,21.26876463205923,17.18811062761126,26.268606513655943,0.0,0.0
2018-02-18 00:00:00+00:00,60.73777380952381,2018,2,1,7,0,0,61.24415476190476,60.81609523809524,61.86826785714286,57.949869047619046,60.69883333333333,52.12197023809524,60.665934523809526,61.0141875,58.14261309523809,59.4694751984127,0.7317776613799771,4.589459283629763,5.434541453186316,0.025815451912155396,8.27416382556866,12.565458546813684,0.0
2018-02-25 00:00:00+00:00,60.69296428571428,2018,2,1,8,0,0,60.73777380952381,61.24415476190476,60.12823214285714,48.223803571428576,61.95860119047619,52.42855952380952,60.167023809523805,60.73156398809524,58.49110119047619,59.472720238095235,0.4596892830974558,4.677730109748987,19.707009033954574,15.499381678856631,25.29922619171743,0.0,0.0
2018-03-04 00:00:00+00:00,63.44200595238095,2018,3,1,9,0,0,60.69296428571428,60.73777380952381,60.81609523809524,54.85843452380953,63.12195833333333,52.75878571428572,58.60378571428571,60.872747023809524,60.0497462797619,59.36725049603175,0.25277970266321975,2.1766264012654646,15.302247415491987,11.058495529350441,18.122805977420015,2.697752584508013,0.0
2018-03-11 00:00:00+00:00,59.17857142857143,2018,3,1,10,0,0,63.44200595238095,60.69296428571428,61.24415476190476,60.05204761904762,62.71340476190477,53.584172619047614,58.66591666666667,61.52922470238095,61.12269270833333,59.39392113095238,1.2994515486164608,1.1027182689748152,18.57648127995592,13.06986686932254,21.339232162610585,0.0,0.0
2018-03-18 00:00:00+00:00,60.88598809523809,2018,3,1,11,0,0,59.17857142857143,63.44200595238095,60.73777380952381,61.86826785714286,57.949869047619046,54.84592261904762,57.60036904761904,61.01282886904762,61.01350818452381,59.09935168650794,1.7742012566764693,1.256404713367872,27.174343861231577,23.560412396381988,29.320542532623957,0.0,5.174343861231577
2018-03-25 00:00:00+00:00,60.75360714285714,2018,3,1,12,0,0,60.88598809523809,59.17857142857143,60.69296428571428,60.12823214285714,48.223803571428576,54.23418452380953,57.11447023809524,61.04988244047619,60.89072321428571,59.34402827380952,1.7680791578325532,1.2080035306426453,10.036895071977035,7.500834158174472,13.925162852417031,7.963104928022965,0.0
2018-04-01 00:00:00+00:00,55.40161904761904,2018,4,2,13,0,0,60.75360714285714,60.88598809523809,63.44200595238095,60.81609523809524,54.85843452380953,54.80769047619048,55.12839880952381,61.0650431547619,60.96889508928571,60.38817857142857,1.7642544052030984,1.1712892260254604,5.970110685140083,3.8549799798867275,10.229475218190549,12.029889314859917,0.0
2018-04-08 00:00:00+00:00,54.534148809523806,2018,4,2,14,0,0,55.40161904761904,60.75360714285714,59.17857142857143,61.24415476190476,60.05204761904762,53.560232142857146,55.1238869047619,59.05494642857143,60.292085565476185,60.4334439484127,2.5560546355904195,2.2962725956415593,4.883884562995814,-0.1366644596986628,7.146719120709223,13.116115437004186,0.0
2018-04-15 00:00:00+00:00,56.09988095238096,2018,4,2,15,0,0,54.534148809523806,55.40161904761904,60.88598809523809,60.73777380952381,61.86826785714286,56.33339880952381,52.68770833333333,57.89384077380952,59.45333482142857,59.97361904761905,3.397543647306122,3.012579632144822,5.473517720276494,0.9922795148626351,10.575628187056536,12.526482279723506,0.0
2018-04-22 00:00:00+00:00,54.434273809523816,2018,4,2,16,0,0,56.09988095238096,54.534148809523806,60.75360714285714,60.69296428571428,60.12823214285714,56.55730952380953,53.893386904761904,56.69731398809523,58.873598214285714,59.492920138888884,2.77900158078945,3.1721233390832353,11.383186324687166,6.5668672522902725,15.196341663679277,6.616813675312834,0.0
2018-04-29 00:00:00+00:00,55.34271428571428,2018,4,2,17,0,0,54.434273809523816,56.09988095238096,55.40161904761904,63.44200595238095,60.81609523809524,57.687714285714286,55.81677976190476,55.117480654761906,58.09126190476191,59.01842361111111,0.7858949476246553,3.421312880997388,14.72921579853315,11.877359152497508,18.82677687584347,3.2707842014668493,0.0
2018-05-06 00:00:00+00:00,52.81313690476191,2018,5,2,18,0,0,55.34271428571428,54.434273809523816,54.534148809523806,59.17857142857143,61.24415476190476,53.707708333333336,53.79869642857143,55.10275446428571,57.078850446428575,58.562308531746034,0.779320371772453,2.7428324585850827,14.213526394640152,11.668040492293073,17.976577382393064,3.7864736053598484,0.0
2018-05-13 00:00:00+00:00,52.85682142857143,2018,5,2,19,0,0,52.81313690476191,55.34271428571428,56.09988095238096,60.88598809523809,60.73777380952381,59.21035714285714,54.315494047619055,54.67250148809524,56.28317113095238,57.85972371031746,1.4142826697361373,2.961287087524356,18.61746599228819,16.559287329616662,22.22051823578949,0.0,0.0
2018-05-20 00:00:00+00:00,55.36916666666667,2018,5,2,20,0,0,52.85682142857143,52.81313690476191,54.434273809523816,60.75360714285714,60.69296428571428,59.97938095238095,54.192547619047616,53.86173660714286,55.27952529761905,57.20297767857142,1.2423780402239937,2.503713159897869,12.104015135023257,8.701664899796869,16.34257646025613,5.895984864976743,0.0
2018-05-27 00:00:00+00:00,53.64008928571428,2018,5,2,21,0,0,55.36916666666667,52.85682142857143,55.34271428571428,55.40161904761904,63.44200595238095,60.69883333333333,50.713119047619045,54.09545982142858,54.60647023809524,56.75932787698412,1.455627007759211,1.212935973507211,23.628272617258535,19.268601869840005,26.249233600981384,0.0,1.628272617258535
2018-06-03 00:00:00+00:00,53.98164880952381,2018,6,2,22,0,0,53.64008928571428,55.36916666666667,52.81313690476191,54.534148809523806,59.17857142857143,61.95860119047619,53.60283333333333,53.669803571428574,54.38627901785715,55.94250148809524,1.1949247689867017,1.2078465405643766,9.882745334096352,6.313769153697423,12.610457856077437,8.117254665903648,0.0
2018-06-10 00:00:00+00:00,56.448547619047616,2018,6,2,23,0,0,53.98164880952381,53.64008928571428,52.85682142857143,56.09988095238096,60.88598809523809,63.12195833333333,51.67090476190476,53.961931547619045,54.31721651785715,55.50942460317461,1.0496904730230778,1.2139637531557335,33.76135333271695,30.011453644622033,39.20849581677102,0.0,11.76135333271695
2018-06-17 00:00:00+00:00,55.91553571428571,2018,6,2,24,0,0,56.448547619047616,53.98164880952381,55.36916666666667,54.434273809523816,60.75360714285714,62.71340476190477,52.428803571428574,54.85986309523809,54.36079985119048,55.1396378968254,1.2964589107891717,1.2909265597713584,17.00533878212005,11.388704004145055,22.78980063065458,0.9946612178799512,0.0
2018-06-24 00:00:00+00:00,56.29283928571429,2018,6,2,25,0,0,55.91553571428571,56.448547619047616,53.64008928571428,55.34271428571428,55.40161904761904,57.949869047619046,55.39275,54.99645535714286,54.54595758928571,54.736465277777775,1.393178845755504,1.4042271772193882,5.14273954866974,1.7497176805765382,8.635976813788751,12.85726045133026,0.0
2018-07-01 00:00:00+00:00,55.683684523809525,2018,7,3,26,0,0,56.29283928571429,55.91553571428571,53.98164880952381,52.81313690476191,54.534148809523806,48.223803571428576,54.41000595238095,55.659642857142856,54.664723214285715,54.81073363095238,1.1408262530132807,1.5169005050360784,3.4328600155111015,-0.6230979411281421,6.515838708085317,14.567139984488898,0.0
2018-07-08 00:00:00+00:00,55.95719642857142,2018,7,3,27,0,0,55.683684523809525,56.29283928571429,56.448547619047616,52.85682142857143,56.09988095238096,54.85843452380953,54.70618452380952,56.08515178571429,55.02354166666667,54.90652827380952,0.3488725667099337,1.3462548490316648,15.859779321945481,10.72516727098091,20.435777494901544,2.1402206780545185,0.0
2018-07-15 00:00:00+00:00,53.87878571428572,2018,7,3,28,0,0,55.95719642857142,55.683684523809525,55.91553571428571,55.36916666666667,54.434273809523816,60.05204761904762,54.35202380952381,55.96231398809524,55.411088541666665,54.8946378968254,0.2510615774733385,1.0462387607497792,10.212297717393193,6.626126588108113,13.84723440178558,7.787702282606807,0.0
2018-07-22 00:00:00+00:00,53.46576785714286,2018,7,3,29,0,0,53.87878571428572,55.95719642857142,56.29283928571429,53.64008928571428,55.34271428571428,61.86826785714286,53.961916666666674,55.453126488095236,55.22479092261904,54.84834722222222,1.0787199153453457,1.1790340416605147,17.712003952736737,13.223657151825243,19.813549375378116,0.2879960472632632,0.0
2018-07-29 00:00:00+00:00,55.10847619047619,2018,7,3,30,0,0,53.46576785714286,53.87878571428572,55.683684523809525,53.98164880952381,52.81313690476191,60.12823214285714,53.00951785714286,54.74635863095238,55.203000744047614,54.691935019841274,1.256622921068227,1.2136093317968932,15.785900996588358,10.336446161601378,18.41051138605312,2.2140990034116417,0.0
2018-08-05 00:00:00+00:00,54.967077380952375,2018,8,3,31,0,0,55.10847619047619,53.46576785714286,55.95719642857142,56.448547619047616,52.85682142857143,60.81609523809524,52.79293452380952,54.602556547619045,55.34385416666667,54.88321329365079,1.141218155900828,1.112811761872107,11.417368698745017,5.619286204114449,16.281257614134606,6.582631301254983,0.0
2018-08-12 00:00:00+00:00,54.29031547619047,2018,8,3,32,0,0,54.967077380952375,55.10847619047619,53.87878571428572,55.91553571428571,55.36916666666667,61.24415476190476,52.11597023809524,54.35502678571429,55.15867038690476,55.0590679563492,0.8082654136742008,1.0223026519823448,5.22565025545276,2.6373563317366084,9.861346023093365,12.77434974454724,0.0
2018-08-19 00:00:00+00:00,53.30570238095238,2018,8,3,33,0,0,54.29031547619047,54.967077380952375,53.46576785714286,56.29283928571429,53.64008928571428,60.73777380952381,52.12197023809524,54.45790922619048,54.95551785714286,54.969163690476186,0.7516474674689261,1.0118403678539578,-0.11877779748691708,-5.825128298132895,1.9896061725270169,18.118777797486917,0.0
2018-08-26 00:00:00+00:00,54.65057142857143,2018,8,3,34,0,0,53.30570238095238,54.29031547619047,55.10847619047619,55.683684523809525,53.98164880952381,60.69296428571428,52.42855952380952,54.41789285714285,54.582125744047616,54.94129811507937,0.8229525350687285,0.9989162449746185,8.427880383463831,4.459415211145679,11.315769031195629,9.572119616536169,0.0
2018-09-02 00:00:00+00:00,54.58705357142857,2018,9,3,35,0,0,54.65057142857143,53.30570238095238,54.967077380952375,55.95719642857142,56.448547619047616,63.44200595238095,52.75878571428572,54.303416666666664,54.452986607142854,54.99704166666666,0.7203164604321664,0.8978286015504857,18.85119035458778,15.818212801391946,21.775489540940065,0.0,0.0
2018-09-09 00:00:00+00:00,54.90651190476191,2018,9,3,36,0,0,54.58705357142857,54.65057142857143,54.29031547619047,53.87878571428572,55.91553571428571,59.17857142857143,53.584172619047614,54.20841071428571,54.281718749999996,54.841917162698415,0.6219504898875169,0.6722391918318237,13.712749953041632,9.876206928088587,18.400320927436546,4.287250046958368,0.0
2018-09-16 00:00:00+00:00,55.12004761904762,2018,9,3,37,0,0,54.90651190476191,54.58705357142857,53.30570238095238,53.46576785714286,56.29283928571429,60.88598809523809,54.84592261904762,54.36245982142858,54.41018452380953,54.757831845238094,0.7179089097486805,0.6823617109387138,2.034089770304096,-3.8860405308378123,4.112931921321552,15.965910229695904,0.0
2018-09-23 00:00:00+00:00,56.60389285714285,2018,9,3,38,0,0,55.12004761904762,54.90651190476191,54.65057142857143,55.10847619047619,55.683684523809525,60.75360714285714,54.23418452380953,54.81604613095239,54.61696949404762,54.6600992063492,0.24523487411027872,0.6010972246363495,13.385447406809456,9.414975030837978,15.801881734747752,4.614552593190544,0.0
2018-09-30 00:00:00+00:00,56.12404166666666,2018,9,3,39,0,0,56.60389285714285,55.12004761904762,54.58705357142857,54.967077380952375,55.95719642857142,55.40161904761904,54.80769047619048,55.304376488095244,54.803896577380954,54.73678323412699,0.8936010144042285,0.922417387440667,15.082539037830694,11.767532596680661,20.28220337932345,2.917460962169306,0.0
2018-10-07 00:00:00+00:00,54.287059523809525,2018,10,4,40,0,0,56.12404166666666,56.60389285714285,54.90651190476191,54.29031547619047,53.87878571428572,54.534148809523806,53.560232142857146,55.68862351190476,54.948517113095235,54.75068700396826,0.8087612041046667,1.035430286256371,4.929140510390936,0.39553709312403296,7.6433191586082705,13.070859489609063,0.0
2018-10-14 00:00:00+00:00,55.84894047619047,2018,10,4,41,0,0,54.287059523809525,56.12404166666666,55.12004761904762,53.30570238095238,53.46576785714286,56.09988095238096,56.33339880952381,55.53376041666667,54.94811011904762,54.78470982142857,1.0358630523103827,1.035726561151637,13.229800847564224,10.269218372451451,17.840785278971723,4.770199152435776,0.0
2018-10-21 00:00:00+00:00,55.762125000000005,2018,10,4,42,0,0,55.84894047619047,54.287059523809525,56.60389285714285,54.65057142857143,55.10847619047619,54.434273809523816,56.55730952380953,55.71598363095237,55.26601488095238,54.983307539682535,1.0023964254283584,0.8293363284136135,12.465669747567999,10.162216435133343,15.418400871754905,5.534330252432001,0.0
2018-10-28 00:00:00+00:00,58.68471428571428,2018,10,4,43,0,0,55.762125000000005,55.84894047619047,56.12404166666666,54.58705357142857,54.967077380952375,55.34271428571428,57.687714285714286,55.50554166666667,55.40495907738095,55.03777827380952,0.8268411237531704,0.8042300584817884,2.8562376173550152,0.34071872971241834,5.254003188392396,15.143762382644985,0.0
2018-11-04 00:00:00+00:00,55.91758928571429,2018,11,4,44,0,0,58.68471428571428,55.762125000000005,54.287059523809525,54.90651190476191,54.29031547619047,52.81313690476191,53.707708333333336,56.14570982142857,55.91716666666667,55.34758134920636,1.838145257046323,1.3371864814124974,14.862298882786266,12.350115526955177,17.834987646784082,3.1377011172137337,0.0
2018-11-11 00:00:00+00:00,58.16347023809524,2018,11,4,45,0,0,55.91758928571429,58.68471428571428,55.84894047619047,55.12004761904762,53.30570238095238,52.85682142857143,59.21035714285714,56.55334226190476,56.04355133928571,55.48318750000001,1.4223378855329303,1.274321458074744,16.486276210945874,13.878665436896696,21.37534393836851,1.5137237890541257,0.0
2018-11-18 00:00:00+00:00,59.69608333333333,2018,11,4,46,0,0,58.16347023809524,55.91758928571429,55.762125000000005,56.60389285714285,54.65057142857143,55.36916666666667,59.97938095238095,57.13197470238096,56.42397916666666,55.888001488095234,1.5084432815737872,1.406650561289773,20.664409945402216,18.109101254804575,26.087195817827357,0.0,0.0
2018-11-25 00:00:00+00:00,61.5533630952381,2018,11,4,47,0,0,59.69608333333333,58.16347023809524,58.68471428571428,56.12404166666666,54.58705357142857,53.64008928571428,60.69883333333333,58.11546428571428,56.81050297619048,56.30846081349207,1.5974313989742548,1.8256017446273036,20.430416416279222,15.866917437066363,25.75129587454719,0.0,0.0
2018-12-02 00:00:00+00:00,62.379154761904765,2018,12,4,48,0,0,61.5533630952381,59.69608333333333,55.91758928571429,54.287059523809525,54.90651190476191,53.98164880952381,61.95860119047619,58.83262648809524,57.489168154761906,56.88898660714286,2.386990950074776,2.4398054282035204,0.9786450563432716,-1.7488752812533077,4.567379174817091,17.02135494365673,0.0
2018-12-09 00:00:00+00:00,62.32269047619047,2018,12,4,49,0,0,62.379154761904765,61.5533630952381,58.16347023809524,55.84894047619047,55.12004761904762,56.448547619047616,63.12195833333333,60.44801785714286,58.50068005952381,57.51170684523809,1.8917048036192998,2.5950990170554555,4.497399680679018,1.114730547383565,9.169740226961602,13.502600319320983,0.0
2018-12-16 00:00:00+00:00,63.2435,2018,12,4,50,0,0,62.32269047619047,62.379154761904765,59.69608333333333,55.762125000000005,56.60389285714285,55.91553571428571,62.71340476190477,61.487822916666666,59.30989880952381,58.111927083333335,1.252477884006365,2.6586552262034924,16.120282137669278,10.533128498045231,18.940219319332563,1.8797178623307218,0.0
2018-12-23 00:00:00+00:00,59.40855952380953,2018,12,4,51,0,0,63.2435,62.32269047619047,61.5533630952381,58.68471428571428,56.12404166666666,56.29283928571429,57.949869047619046,62.37467708333333,60.24507068452381,58.665227678571426,0.6909251248623085,2.545844825216684,16.11028760729767,12.214441046246183,19.282878528341726,1.8897123927023287,0.0
2018-12-30 00:00:00+00:00,49.07558333333333,2018,12,4,52,0,0,59.40855952380953,63.2435,62.379154761904765,55.91758928571429,54.287059523809525,55.683684523809525,48.223803571428576,61.83847619047619,60.335551339285715,58.9389375,1.67385619696645,2.4948182286543585,16.120381490448384,11.450150536364276,21.705724764532864,1.8796185095516158,0.0
2019-01-06 00:00:00+00:00,53.805875,2019,1,1,1,0,0,49.07558333333333,59.40855952380953,62.32269047619047,58.16347023809524,55.84894047619047,55.95719642857142,54.85843452380953,58.51258333333333,59.48030059523809,58.50464781746032,6.500211055058066,4.5510702989972645,42.821851925237766,40.13257244043125,44.87385961928071,0.0,20.821851925237766
2019-01-13 00:00:00+00:00,62.37220238095239,2019,1,1,2,0,0,53.805875,49.07558333333333,63.2435,59.69608333333333,55.762125000000005,53.87878571428572,60.05204761904762,56.38337946428571,58.93560119047619,58.33439236111111,6.225227752514889,4.972455130572854,16.567124085545338,13.797968010310655,18.90915820896321,1.4328759144546623,0.0
2019-01-20 00:00:00+00:00,62.42349404761905,2019,1,1,3,0,0,62.37220238095239,53.805875,59.40855952380953,61.5533630952381,58.68471428571428,53.46576785714286,61.86826785714286,56.16555505952381,59.27011607142857,58.88523214285715,5.912566785795268,5.118787010151514,21.08452512144479,18.921050656378874,23.9160701420289,0.0,0.0
2019-01-27 00:00:00+00:00,63.58701190476191,2019,1,1,4,0,0,62.42349404761905,62.37220238095239,49.07558333333333,62.379154761904765,55.91758928571429,55.10847619047619,60.12823214285714,56.91928869047619,59.37888244047619,59.19679712301587,6.614317875314116,5.183074072563677,19.63201410794562,16.95627385565696,21.738142923440897,0.0,0.0
2019-02-03 00:00:00+00:00,62.08876785714286,2019,2,1,5,0,0,63.58701190476191,62.42349404761905,53.805875,62.32269047619047,58.16347023809524,54.967077380952375,60.81609523809524,60.54714583333333,59.529864583333335,59.83591567460317,4.5290555381829485,5.299247286408271,17.211130010446382,14.096768654318549,19.936871750805572,0.7888699895536178,0.0
2019-02-10 00:00:00+00:00,62.35953571428571,2019,2,1,6,0,0,62.08876785714286,63.58701190476191,62.37220238095239,63.2435,59.69608333333333,54.29031547619047,61.24415476190476,62.61786904761905,59.50062425595238,60.163023809523814,0.6626511649063702,5.2822536064567185,9.477846042877236,6.769804105770248,13.810012286756004,8.522153957122764,0.0
2019-02-17 00:00:00+00:00,60.79900595238095,2019,2,1,7,0,0,62.35953571428571,62.08876785714286,62.42349404761905,59.40855952380953,61.5533630952381,53.30570238095238,60.73777380952381,62.61470238095239,59.390128720238096,60.38497817460317,0.6642448313546739,5.201400964086262,18.07175376394614,15.71694362891792,21.757451966316133,0.0,0.0
2019-02-24 00:00:00+00:00,59.46751785714285,2019,2,1,8,0,0,60.79900595238095,62.35953571428571,63.58701190476191,49.07558333333333,62.379154761904765,54.65057142857143,60.69296428571428,62.20858035714286,59.56393452380953,60.32211507936508,1.14369519381145,5.225281012624675,5.817398283699426,3.3348547992970223,11.388085128007326,12.182601716300574,0.0
2019-03-03 00:00:00+00:00,58.48182142857143,2019,3,1,9,0,0,59.46751785714285,60.79900595238095,62.08876785714286,53.805875,62.32269047619047,54.58705357142857,63.44200595238095,61.17870684523809,60.86292633928572,60.07947867063493,1.3285215321782886,3.108276491004654,10.105451146079929,6.262336073949026,15.375225393033693,7.894548853920071,0.0
2019-03-10 00:00:00+00:00,58.99095238095238,2019,3,1,10,0,0,58.48182142857143,59.46751785714285,62.35953571428571,62.37220238095239,63.2435,54.90651190476191,59.17857142857143,60.27697023809524,61.44741964285714,59.759406250000005,1.6820000649006615,1.7223035582315613,8.117091617367173,5.291756743744003,11.484361024158677,9.882908382632827,0.0
2019-03-17 00:00:00+00:00,60.07891071428571,2019,3,1,11,0,0,58.99095238095238,58.48182142857143,60.79900595238095,62.42349404761905,59.40855952380953,55.12004761904762,60.88598809523809,59.4348244047619,61.024763392857146,59.40502728174604,0.9945345985005404,1.8713711045914356,12.65499311509058,9.197913670898277,15.69268684881575,5.34500688490942,0.0
2019-03-24 00:00:00+00:00,57.6493630952381,2019,3,1,12,0,0,60.07891071428571,58.99095238095238,59.46751785714285,63.58701190476191,49.07558333333333,56.60389285714285,60.75360714285714,59.254800595238095,60.73169047619048,59.46088988095238,0.681057705365605,1.8033803436412166,30.51726853338807,26.50359944996864,34.03603816605714,0.0,8.51726853338807
2019-03-31 00:00:00+00:00,56.7715119047619,2019,3,1,13,0,0,57.6493630952381,60.07891071428571,58.48182142857143,62.08876785714286,53.805875,56.12404166666666,55.40161904761904,58.80026190476191,59.989484374999996,60.17537152777778,1.0160836649357798,1.6778467108842476,-2.9381215407339845,-7.699700855251446,1.423058229325246,20.938121540733984,0.0
2019-04-07 00:00:00+00:00,56.43385714285715,2019,4,2,14,0,0,56.7715119047619,57.6493630952381,58.99095238095238,62.35953571428571,62.37220238095239,54.287059523809525,54.534148809523806,58.372684523809525,59.32482738095238,60.42250793650794,1.4583564494849275,1.7776546112985538,17.490081522996107,15.332832963631711,20.562336086287612,0.5099184770038931,0.0
2019-04-14 00:00:00+00:00,56.76597023809524,2019,4,2,15,0,0,56.43385714285715,56.7715119047619,60.07891071428571,60.79900595238095,62.42349404761905,55.84894047619047,56.09988095238096,57.73341071428572,58.58411755952381,59.92764583333334,1.6454506026257816,1.5528516326957567,-0.9017269695172132,-6.099368565153384,3.594868661879323,18.901726969517213,0.0
2019-04-21 00:00:00+00:00,51.65626190476191,2019,4,2,16,0,0,56.76597023809524,56.43385714285715,57.6493630952381,59.46751785714285,63.58701190476191,55.762125000000005,54.434273809523816,56.90517559523809,58.07998809523809,59.45618551587302,0.5206407053878828,1.37561385298543,8.224545073684531,3.7129435157209,11.862191682449494,9.775454926315469,0.0
2019-04-28 00:00:00+00:00,52.33675,2019,4,2,17,0,0,51.65626190476191,56.76597023809524,56.7715119047619,58.48182142857143,62.08876785714286,58.68471428571428,55.34271428571428,55.40690029761905,57.10358110119048,58.46195634920635,2.5054051340657804,2.5342862814245226,20.711604775738927,18.38456864794344,24.91979349914685,0.0,0.0
2019-05-05 00:00:00+00:00,53.123172619047615,2019,5,2,18,0,0,52.33675,51.65626190476191,56.43385714285715,58.99095238095238,62.35953571428571,55.91758928571429,52.81313690476191,54.29820982142857,56.33544717261905,57.649288194444445,2.6756958210932815,2.953475995283067,12.514240152763701,7.019925656336593,16.258746269304968,5.485759847236299,0.0
2019-05-12 00:00:00+00:00,56.023577380952375,2019,5,2,19,0,0,53.123172619047615,52.33675,56.76597023809524,60.07891071428571,60.79900595238095,58.16347023809524,52.85682142857143,53.4705386904762,55.60197470238095,56.87959126984128,2.2772504855968854,2.9282927293720675,3.378041776565551,-2.3054478255617017,6.555904814733221,14.621958223434449,0.0
2019-05-19 00:00:00+00:00,55.28559523809523,2019,5,2,20,0,0,56.023577380952375,53.123172619047615,51.65626190476191,57.6493630952381,59.46751785714285,59.69608333333333,55.36916666666667,53.28494047619047,55.09505803571429,56.48163888888889,1.921627782540528,2.3330961914707373,6.277570325920254,4.033258486500799,12.071383553768882,11.722429674079745,0.0
2019-05-26 00:00:00+00:00,54.94535119047619,2019,5,2,21,0,0,55.28559523809523,56.023577380952375,52.33675,56.7715119047619,58.48182142857143,61.5533630952381,53.64008928571428,54.19227380952381,54.79958705357143,56.133145337301585,1.744990017171644,2.1015902192884264,17.436781991477407,14.329271398888592,22.49120516811645,0.5632180085225933,0.0
2019-06-02 00:00:00+00:00,51.30880357142858,2019,6,2,22,0,0,54.94535119047619,55.28559523809523,53.123172619047615,56.43385714285715,58.99095238095238,62.379154761904765,53.98164880952381,54.844424107142856,54.571316964285714,55.83843948412699,1.2326025814430885,1.9505556660393137,6.157066946262907,0.9322618270906613,8.717519649328716,11.842933053737093,0.0
2019-06-09 00:00:00+00:00,54.52816071428571,2019,6,2,23,0,0,51.30880357142858,54.94535119047619,56.023577380952375,56.76597023809524,60.07891071428571,62.32269047619047,56.448547619047616,54.39083184523809,53.93068526785714,55.19826041666667,2.1033980046894816,2.0882096844034486,13.731668716655799,8.738629955121166,19.20554062024745,4.268331283344201,0.0
2019-06-16 00:00:00+00:00,52.28670833333333,2019,6,2,24,0,0,54.52816071428571,51.30880357142858,55.28559523809523,51.65626190476191,57.6493630952381,63.2435,55.91553571428571,54.01697767857143,53.65095907738095,54.73569791666667,1.8318281379119299,1.7815121953704292,12.36457471923051,9.626490641805002,16.314299512228565,5.635425280769489,0.0
2019-06-23 00:00:00+00:00,52.54121428571428,2019,6,2,25,0,0,52.28670833333333,54.52816071428571,54.94535119047619,52.33675,56.7715119047619,59.40855952380953,56.29283928571429,53.26725595238096,53.729764880952374,54.28881001984127,1.7514654633941598,1.6923854829602725,6.787197219153463,3.949799925806622,12.36540612672983,11.212802780846538,0.0
2019-06-30 00:00:00+00:00,55.95528571428571,2019,6,2,26,0,0,52.54121428571428,52.28670833333333,51.30880357142858,53.123172619047615,56.43385714285715,49.07558333333333,55.683684523809525,52.66622172619047,53.755322916666664,53.936285218253964,1.3501923465190437,1.6697355100182867,29.151552714602605,25.669664303437077,34.350973738391865,0.0,7.151552714602605
2019-07-07 00:00:00+00:00,55.17963095238096,2019,7,3,27,0,0,55.95528571428571,52.54121428571428,54.52816071428571,56.023577380952375,56.76597023809524,53.805875,55.95719642857142,53.82784226190476,54.10933705357143,53.89640426587301,1.7365643200230922,1.8108297605956627,17.07135217854409,13.133260237780004,20.772206196421024,0.9286478214559111,0.0
2019-07-14 00:00:00+00:00,53.908166666666666,2019,7,3,28,0,0,55.17963095238096,55.95528571428571,52.28670833333333,55.28559523809523,51.65626190476191,62.37220238095239,53.87878571428572,53.99070982142857,54.003843749999994,53.76420932539683,1.850923217739826,1.7048633483186832,-4.201140693260857,-8.674159779382041,-2.1112634599803877,22.201140693260857,0.0
2019-07-21 00:00:00+00:00,53.511964285714285,2019,7,3,29,0,0,53.908166666666666,55.17963095238096,52.54121428571428,54.94535119047619,52.33675,62.42349404761905,53.46576785714286,54.396074404761904,53.83166517857143,53.95186805555556,1.4970705609276367,1.6245885984040118,13.491634518155422,10.015979959876333,16.566343955695206,4.508365481844578,0.0
2019-07-28 00:00:00+00:00,54.20710119047619,2019,7,3,30,0,0,53.511964285714285,53.908166666666666,55.95528571428571,51.30880357142858,53.123172619047615,63.58701190476191,55.10847619047619,54.63876190476191,53.65249181547619,54.04980257936507,1.1297811799832118,1.562054698781097,6.705708281852896,2.8555694173203046,10.872245140496364,11.294291718147104,0.0
2019-08-04 00:00:00+00:00,52.39210119047619,2019,8,3,31,0,0,54.20710119047619,53.511964285714285,55.17963095238096,54.52816071428571,56.023577380952375,62.08876785714286,54.967077380952375,54.201715773809525,54.014779017857144,54.14012996031746,0.7114012681146151,1.244691873021898,18.819466678369793,13.829582925834767,23.35337955767438,0.0,0.0
2019-08-11 00:00:00+00:00,52.01905357142856,2019,8,3,32,0,0,52.39210119047619,54.20710119047619,53.908166666666666,52.28670833333333,55.28559523809523,62.35953571428571,54.29031547619047,53.50483333333333,53.74777157738095,53.83750694444444,0.7945819851093119,1.3439804308979337,5.659834092538395,3.513101280976003,8.691384834271204,12.340165907461605,0.0
2019-08-18 00:00:00+00:00,51.1552380952381,2019,8,3,33,0,0,52.01905357142856,52.39210119047619,53.511964285714285,52.54121428571428,54.94535119047619,60.79900595238095,53.30570238095238,53.0325550595238,53.71431473214286,53.56529513888889,1.0077629093919545,1.388153400719663,11.082108468264808,8.072360690888726,13.639532764556105,6.917891531735192,0.0
2019-08-25 00:00:00+00:00,51.83813095238096,2019,8,3,34,0,0,51.1552380952381,52.01905357142856,54.20710119047619,55.95528571428571,51.30880357142858,59.46751785714285,54.65057142857143,52.44337351190476,53.54106770833333,53.24945238095237,1.2848741103907422,1.6222286862557334,16.039898231843658,11.186499888305448,21.379619179040855,1.960101768156342,0.0
2019-09-01 00:00:00+00:00,54.09197023809524,2019,9,3,35,0,0,51.83813095238096,51.1552380952381,52.39210119047619,55.17963095238096,54.52816071428571,58.48182142857143,54.58705357142857,51.85113095238095,53.02642336309523,53.29356299603174,0.5180999495307996,1.3822371086343954,18.92604155336097,13.345214202612173,24.86365027617518,0.0,0.0
2019-09-08 00:00:00+00:00,52.44316071428571,2019,9,3,36,0,0,54.09197023809524,51.83813095238096,52.01905357142856,53.908166666666666,52.28670833333333,58.99095238095238,54.90651190476191,52.27609821428571,52.890465773809524,53.25721378968254,1.2664393503367617,1.1786958569896195,2.39762874355379,-1.6490810249088739,6.5003894727645335,15.60237125644621,0.0
2019-09-15 00:00:00+00:00,53.348488095238096,2019,9,3,37,0,0,52.44316071428571,54.09197023809524,51.1552380952381,53.511964285714285,52.54121428571428,60.07891071428571,55.12004761904762,52.382125,52.70734002976191,53.270251488095234,1.2554517244898156,1.1097846552295607,9.323990113272412,5.195536172211149,12.010707256665626,8.676009886727588,0.0
2019-09-22 00:00:00+00:00,53.22254761904762,2019,9,3,38,0,0,53.348488095238096,52.44316071428571,51.83813095238096,54.20710119047619,55.95528571428571,57.6493630952381,56.60389285714285,52.930437500000004,52.686905505952375,53.337524305555554,0.992387165997677,1.0942488589615997,8.200437510712351,5.771749465353247,11.289666816789827,9.799562489287649,0.0
2019-09-29 00:00:00+00:00,54.82947619047619,2019,9,3,39,0,0,53.22254761904762,53.348488095238096,54.09197023809524,52.39210119047619,55.17963095238096,56.7715119047619,56.12404166666666,53.27654166666667,52.56383630952381,53.10979613095238,0.6751639832054291,0.9438835653504803,6.773366139410305,2.9837166721164863,8.846928845600171,11.226633860589695,0.0
2019-10-06 00:00:00+00:00,52.33063095238096,2019,10,4,40,0,0,54.82947619047619,53.22254761904762,52.44316071428571,52.01905357142856,53.908166666666666,56.43385714285715,54.287059523809525,53.460918154761906,52.868508184523805,53.08061656746031,0.9963671236617142,1.230414843067774,26.123633922248775,21.993164856428685,31.78082914849077,0.0,4.123633922248775
2019-10-13 00:00:00+00:00,55.80170833333333,2019,10,4,41,0,0,52.33063095238096,54.82947619047619,53.348488095238096,51.1552380952381,53.511964285714285,56.76597023809524,55.84894047619047,53.432785714285714,52.90745535714286,52.9491552579365,1.0355023822175469,1.2043402771048644,15.239853687687644,12.269971673148724,17.710858019248207,2.760146312312356,0.0
2019-10-20 00:00:00+00:00,56.13279166666666,2019,10,4,42,0,0,55.80170833333333,52.33063095238096,53.22254761904762,51.83813095238096,54.20710119047619,51.65626190476191,55.762125000000005,54.046090773809524,53.48826413690476,53.139967261904765,1.5617203604832113,1.3501731513021922,1.9129283653196385,-1.1640445584778853,6.218994267376653,16.087071634680363,0.0
2019-10-27 00:00:00+00:00,56.48441071428571,2019,10,4,43,0,0,56.13279166666666,55.80170833333333,54.82947619047619,54.09197023809524,52.39210119047619,52.33675,58.68471428571428,54.773651785714286,54.025096726190476,53.30044146825397,1.7200415341268245,1.4504110386433304,19.34289557643821,15.833758924019719,22.439116459187034,0.0,0.0
2019-11-03 00:00:00+00:00,55.02963095238095,2019,11,4,44,0,0,56.48441071428571,56.13279166666666,52.33063095238096,52.44316071428571,52.01905357142856,53.123172619047615,55.91758928571429,55.187385416666665,54.324151785714285,53.64146726190476,1.9247949081534266,1.69259424989996,28.977249576101066,26.89696478499016,33.19396158616424,0.0,6.977249576101066
2019-11-10 00:00:00+00:00,58.15936309523809,2019,11,4,45,0,0,55.02963095238095,56.48441071428571,55.80170833333333,53.348488095238096,51.1552380952381,56.023577380952375,58.16347023809524,55.86213541666666,54.64746056547619,53.89234871031746,0.6210733899592384,1.5202195316465812,20.259722084409177,16.971405422076465,24.865403637816634,0.0,0.0
2019-11-17 00:00:00+00:00,59.11223809523809,2019,11,4,46,0,0,58.15936309523809,55.02963095238095,56.13279166666666,53.22254761904762,51.83813095238096,55.28559523809523,59.69608333333333,56.45154910714285,55.24881994047619,54.4760257936508,1.2962980685858623,1.8489586678416108,-0.1549597276321073,-3.000751755618286,5.164007487196699,18.154959727632107,0.0
2019-11-24 00:00:00+00:00,59.73594047619048,2019,11,4,47,0,0,59.11223809523809,58.15936309523809,56.48441071428571,54.82947619047619,54.09197023809524,54.94535119047619,61.5533630952381,57.196410714285705,55.98503125,55.08220138888888,1.8073507663787434,2.08445610129207,8.12612741706999,4.816138008358331,10.951812504112402,9.87387258293001,0.0
2019-12-01 00:00:00+00:00,59.84283333333333,2019,12,4,48,0,0,59.73594047619048,59.11223809523809,55.02963095238095,52.33063095238096,52.44316071428571,51.30880357142858,62.379154761904765,58.009293154761906,56.59833928571428,55.552532242063485,2.089553887129352,2.3946231204111044,22.13528919349298,19.656240666215975,24.179272508126903,0.0,0.13528919349298008
2019-12-08 00:00:00+00:00,61.05929761904762,2019,12,4,49,0,0,59.84283333333333,59.73594047619048,58.15936309523809,55.80170833333333,53.348488095238096,54.52816071428571,62.32269047619047,59.212593749999996,57.53736458333333,56.16917162698413,0.7725412174095343,1.904835889134202,6.338644275049754,0.7765351520901742,8.886186795324983,11.661355724950246,0.0
2019-12-15 00:00:00+00:00,61.24219047619048,2019,12,4,50,0,0,61.05929761904762,59.84283333333333,59.11223809523809,56.13279166666666,53.22254761904762,52.28670833333333,63.2435,59.937577380952376,58.19456324404762,56.81173908730159,0.8142634923700668,2.115758135126233,15.550555425169827,11.176185610953633,21.150629992562248,2.4494445748301725,0.0
2019-12-22 00:00:00+00:00,56.83676785714285,2019,12,4,51,0,0,61.24219047619048,61.05929761904762,59.73594047619048,56.48441071428571,54.82947619047619,52.54121428571428,59.40855952380953,60.470065476190484,58.833238095238094,57.480042658730156,0.7907235527166897,2.17482060307534,18.197072427434694,13.480663150856735,23.692632737684754,0.0,0.0
2019-12-29 00:00:00+00:00,46.50530952380952,2019,12,4,52,0,0,56.83676785714285,61.24219047619048,59.84283333333333,55.02963095238095,52.33063095238096,55.95528571428571,49.07558333333333,59.74527232142857,58.87728273809524,57.647316964285714,2.036037230721758,2.1234169394263707,4.584556227375336,-0.5721287270540172,8.97420863605657,13.415443772624663,0.0
2020-01-05 00:00:00+00:00,50.16170238095238,2020,1,1,1,0,0,46.50530952380952,56.83676785714285,61.05929761904762,58.15936309523809,55.80170833333333,55.17963095238096,53.805875,56.41089136904762,57.81174255952381,57.161873511904766,6.9101629069928965,4.791966289891464,11.5237971515056,7.53002835578937,15.925864593240213,6.476202848494401,0.0
2020-01-12 00:00:00+00:00,59.07759523809524,2020,1,1,2,0,0,50.16170238095238,46.50530952380952,61.24219047619048,59.11223809523809,56.13279166666666,53.908166666666666,62.37220238095239,53.68649255952381,56.812034970238095,56.69187301587301,6.6082357971976196,5.492170258630489,-13.93013872055258,-16.277819872902274,-9.269992022367559,31.93013872055258,0.0
2020-01-19 00:00:00+00:00,60.36169642857143,2020,1,1,3,0,0,59.07759523809524,50.16170238095238,56.83676785714285,59.73594047619048,56.48441071428571,53.511964285714285,62.42349404761905,53.145343749999995,56.80770461309524,56.93727331349206,5.825529732733172,5.490110823023864,3.8048988693256813,-0.3435272979485102,6.50638398381948,14.195101130674319,0.0
2020-01-26 00:00:00+00:00,60.89373214285715,2020,1,1,4,0,0,60.36169642857143,59.07759523809524,46.50530952380952,59.84283333333333,55.02963095238095,54.20710119047619,63.58701190476191,54.026575892857146,56.885924107142856,57.2603804563492,6.761490064701877,5.542002786308373,9.979454788854717,5.632090316771201,15.637102572554557,8.020545211145283,0.0
2020-02-02 00:00:00+00:00,60.83919642857144,2020,2,1,5,0,0,60.89373214285715,60.36169642857143,50.16170238095238,61.05929761904762,58.15936309523809,52.39210119047619,62.08876785714286,57.62368154761905,57.01728645833333,57.749055555555564,5.032724725462884,5.633797611924352,2.017734544281204,-2.964023352456116,5.692816643849497,15.982265455718796,0.0
2020-02-09 00:00:00+00:00,60.259839285714285,2020,2,1,6,0,0,60.83919642857144,60.89373214285715,59.07759523809524,61.24219047619048,59.11223809523809,52.01905357142856,62.35953571428571,60.29305505952381,56.98977380952381,57.972375,0.8448150820312074,5.6117327952295275,25.059290431453082,21.332652246534366,28.59184454445107,0.0,3.059290431453082
2020-02-16 00:00:00+00:00,60.845125,2020,2,1,7,0,0,60.259839285714285,60.83919642857144,60.36169642857143,56.83676785714285,59.73594047619048,51.1552380952381,60.79900595238095,60.588616071428575,56.86697991071429,58.06800843253969,0.3242802448358225,5.515309455562656,0.5588689763149386,-1.9514522348673164,4.634539797446289,17.44113102368506,0.0
2020-02-23 00:00:00+00:00,59.787327380952384,2020,2,1,8,0,0,60.845125,60.259839285714285,60.89373214285715,46.50530952380952,59.84283333333333,51.83813095238096,59.46751785714285,60.709473214285715,57.36802455357143,58.16044047619047,0.300749919244387,5.691432514182699,8.47964410642413,5.344540483229233,10.667507973524351,9.52035589357587,0.0
2020-03-01 00:00:00+00:00,58.8991369047619,2020,3,1,9,0,0,59.787327380952384,60.845125,60.83919642857144,50.16170238095238,61.05929761904762,54.09197023809524,58.48182142857143,60.43287202380952,59.02827678571429,58.15581498015874,0.5104639238511895,3.6361238585407807,13.04592461828873,9.59359543269419,15.711058093313047,4.95407538171127,0.0
2020-03-08 00:00:00+00:00,58.68847023809524,2020,3,1,10,0,0,58.8991369047619,59.787327380952384,60.259839285714285,59.07759523809524,61.24219047619048,52.44316071428571,58.99095238095238,59.947857142857146,60.120456101190484,57.97580158730159,0.822193490441711,0.7934974281159898,23.530186312528926,18.946517347202523,28.48232077823441,0.0,1.530186312528926
2020-03-15 00:00:00+00:00,58.534238095238095,2020,3,1,11,0,0,58.68847023809524,58.8991369047619,60.845125,60.36169642857143,56.83676785714285,53.348488095238096,60.07891071428571,59.555014880952385,60.07181547619048,57.76299156746032,0.9830952403241672,0.8743621861605841,0.5131027905644849,-3.7700104281111626,2.844297462264991,17.486897209435515,0.0
2020-03-22 00:00:00+00:00,55.37274404761904,2020,3,1,12,0,0,58.534238095238095,58.68847023809524,59.787327380952384,60.89373214285715,46.50530952380952,53.22254761904762,57.6493630952381,58.97729315476191,59.84338318452381,57.90444742063493,0.5603511726223572,1.0151866379402634,21.305310017239677,17.880923113648294,25.717918455105227,0.0,0.0
2020-03-29 00:00:00+00:00,53.47198214285714,2020,3,1,13,0,0,55.37274404761904,58.534238095238095,58.8991369047619,60.83919642857144,50.16170238095238,54.82947619047619,56.7715119047619,57.87364732142857,59.15325967261905,58.643400297619046,1.6739636223093588,1.7843544264223101,12.081864488156697,6.135803492984778,15.06326092688198,5.918135511843303,0.0
2020-04-05 00:00:00+00:00,52.84526785714285,2020,4,2,14,0,0,53.47198214285714,55.37274404761904,58.68847023809524,60.259839285714285,59.07759523809524,52.33063095238096,56.43385714285715,56.51685863095238,58.23235788690476,58.91925694444444,2.540734006985045,2.533701297856077,4.1479307916163926,-0.2751684858111556,7.705113247784299,13.852069208383607,0.0
2020-04-12 00:00:00+00:00,47.21088690476191,2020,4,2,15,0,0,52.84526785714285,53.47198214285714,58.534238095238095,60.845125,60.36169642857143,55.80170833333333,56.76597023809524,55.05605803571428,57.305536458333336,58.39989632936508,2.5557070909765462,2.999418285264936,15.696827794106166,12.747920627162188,18.851602741188966,2.3031722058938335,0.0
2020-04-19 00:00:00+00:00,47.41569642857143,2020,4,2,16,0,0,47.21088690476191,52.84526785714285,55.37274404761904,59.787327380952384,60.89373214285715,56.13279166666666,51.65626190476191,52.22522023809523,55.601256696428564,57.303995535714286,3.5113776596632262,4.294718964034933,13.59247756458776,11.185347674106145,17.015168430447556,4.40752243541224,0.0
2020-04-26 00:00:00+00:00,50.17241666666667,2020,4,2,17,0,0,47.41569642857143,47.21088690476191,53.47198214285714,58.8991369047619,60.83919642857144,56.48441071428571,52.33675,50.23595833333333,54.054802827380946,56.18082589285714,3.385522148121011,4.772844755645404,7.1982649827296425,4.586828425992314,12.074448603466625,10.801735017270357,0.0
2020-05-03 00:00:00+00:00,48.16190476190476,2020,5,2,18,0,0,50.17241666666667,47.41569642857143,52.84526785714285,58.68847023809524,60.259839285714285,55.02963095238095,53.123172619047615,49.411066964285716,52.96396279761905,55.29192757936508,2.6580497243238232,4.496764286109786,12.558416679920152,9.57458576638212,15.746903542412852,5.4415833200798485,0.0
2020-05-10 00:00:00+00:00,49.59077976190476,2020,5,2,19,0,0,48.16190476190476,50.17241666666667,47.21088690476191,58.534238095238095,60.845125,58.15936309523809,56.023577380952375,48.24022619047619,51.64814211309524,54.28376636904761,1.3514045749799117,4.10548286120547,8.917491225105918,6.274765732067696,13.183109786293507,9.082508774894082,0.0
2020-05-17 00:00:00+00:00,50.92697619047619,2020,5,2,20,0,0,49.59077976190476,48.16190476190476,47.41569642857143,55.37274404761904,59.787327380952384,59.11223809523809,55.28559523809523,48.8351994047619,50.53020982142857,53.345904265873024,1.2685117339023912,3.042582731927567,12.908138762009985,10.161870665804763,16.812340370806382,5.091861237990015,0.0
2020-05-24 00:00:00+00:00,47.43964285714286,2020,5,2,21,0,0,50.92697619047619,49.59077976190476,50.17241666666667,53.47198214285714,58.8991369047619,59.73594047619048,54.94535119047619,49.713019345238095,49.97448883928571,52.60754166666666,1.169848435680724,2.361532405155527,17.29704539616837,14.156664721392984,21.951730057618963,0.7029546038316283,0.0
2020-05-31 00:00:00+00:00,49.52760714285715,2020,5,2,22,0,0,47.43964285714286,50.92697619047619,48.16190476190476,52.84526785714285,58.68847023809524,59.84283333333333,51.30880357142858,49.02982589285714,49.22044642857143,51.65258382936508,1.5487433262247408,2.0242173863923068,24.688134529162816,21.994640147983798,30.43545348646185,0.0,2.6881345291628165
2020-06-07 00:00:00+00:00,48.776244047619045,2020,6,2,23,0,0,49.52760714285715,47.43964285714286,49.59077976190476,47.21088690476191,58.534238095238095,61.05929761904762,54.52816071428571,49.37125148809524,48.805738839285716,50.88917857142857,1.4403739105455047,1.427352715949112,2.0974760093852076,-3.489585689120493,7.027764398226209,15.902523990614792,0.0
2020-06-14 00:00:00+00:00,48.21974404761905,2020,6,2,24,0,0,48.776244047619045,49.52760714285715,50.92697619047619,47.41569642857143,55.37274404761904,61.24219047619048,52.28670833333333,49.16761755952381,49.001408482142864,50.076012400793644,1.456480356921987,1.2768473902929502,29.064266997250133,26.743332014603563,31.92402851161316,0.0,7.064266997250133
2020-06-21 00:00:00+00:00,49.81394642857144,2020,6,2,25,0,0,48.21974404761905,48.776244047619045,47.43964285714286,50.17241666666667,53.47198214285714,56.83676785714285,52.54121428571428,48.490809523809524,49.10191443452381,49.47992906746032,0.8822036846693586,1.1605466572962844,-3.616702396180015,-7.714747954461034,-1.4919698559348764,21.616702396180017,0.0
2020-06-28 00:00:00+00:00,50.48079166666666,2020,6,2,26,0,0,49.81394642857144,48.21974404761905,49.52760714285715,48.16190476190476,52.84526785714285,46.50530952380952,55.95528571428571,49.08438541666667,49.05710565476191,49.17509275793651,0.7237081753119944,1.1195044646057644,10.785719239715334,7.144131931756688,13.834775416914635,7.214280760284666,0.0
2020-07-05 00:00:00+00:00,51.458875,2020,7,3,27,0,0,50.48079166666666,49.81394642857144,48.776244047619045,49.59077976190476,47.21088690476191,50.16170238095238,55.17963095238096,49.322681547619055,49.34696651785714,48.978053075396836,1.0161406237007287,1.1542699848940994,16.706537651876612,10.777023184242186,21.086849374677634,1.2934623481233878,0.0
2020-07-12 00:00:00+00:00,51.25257738095239,2020,7,3,28,0,0,51.458875,50.48079166666666,48.21974404761905,50.92697619047619,47.41569642857143,59.07759523809524,53.908166666666666,49.993339285714285,49.58047842261905,49.33205208333333,1.361766820387661,1.3779313920221892,14.247934941880262,11.799779333208052,16.453638195817263,3.7520650581197383,0.0
2020-07-19 00:00:00+00:00,50.89618452380952,2020,7,3,29,0,0,51.25257738095239,51.458875,49.81394642857144,47.43964285714286,50.17241666666667,60.36169642857143,53.511964285714285,50.75154761904762,49.62117857142857,49.651792162698406,0.7536019338897528,1.4273087121548358,7.01840384143525,3.426981445252283,11.003868830240195,10.98159615856475,0.0
2020-07-26 00:00:00+00:00,50.4757380952381,2020,7,3,30,0,0,50.89618452380952,51.25257738095239,50.48079166666666,49.52760714285715,48.16190476190476,60.89373214285715,54.20710119047619,51.022107142857145,50.05324627976191,49.71210615079365,0.42924804112462167,1.1731248373333494,10.335021997141798,4.457140264040323,14.722393392809355,7.664978002858202,0.0
2020-08-02 00:00:00+00:00,50.04939285714286,2020,8,3,31,0,0,50.4757380952381,50.89618452380952,51.458875,48.776244047619045,49.59077976190476,60.83919642857144,52.39210119047619,51.02084375,50.171762648809526,49.9049255952381,0.4313745276109613,1.1602577904327518,8.055992522729337,2.5939640191534163,11.39296808599718,9.944007477270663,0.0
2020-08-09 00:00:00+00:00,49.45092261904762,2020,8,3,32,0,0,50.04939285714286,50.4757380952381,51.25257738095239,48.21974404761905,50.92697619047619,60.259839285714285,52.01905357142856,50.66847321428572,50.33090625,49.943143353174605,0.5207166320602501,1.020383379986173,7.285081944446308,2.0167936606491885,12.368730759429596,10.714918055553692,0.0
2020-08-16 00:00:00+00:00,52.07673809523809,2020,8,3,33,0,0,49.45092261904762,50.04939285714286,50.89618452380952,49.81394642857144,47.43964285714286,60.845125,51.1552380952381,50.21805952380952,50.48480357142857,49.82013888888889,0.6173057688822317,0.6985869366803452,18.796816776168196,15.765205467988437,21.223209788703283,0.0,0.0
2020-08-23 00:00:00+00:00,51.87205952380952,2020,8,3,34,0,0,52.07673809523809,49.45092261904762,50.4757380952381,50.48079166666666,49.52760714285715,59.787327380952384,51.83813095238096,50.51319791666667,50.767652529761904,50.20656349206349,1.1239224572000324,0.8332675708862791,14.85612388772038,12.172573538160115,17.156675014663612,3.143876112279621,0.0
2020-08-30 00:00:00+00:00,51.653375,2020,8,3,35,0,0,51.87205952380952,52.07673809523809,50.04939285714286,51.458875,48.776244047619045,58.8991369047619,54.09197023809524,50.86227827380952,50.94156101190477,50.40193452380952,1.3098700082539296,0.9067852388103672,6.456723237914766,1.7821503582170424,11.36947826272918,11.543276762085235,0.0
2020-09-06 00:00:00+00:00,51.617744047619055,2020,9,3,36,0,0,51.653375,51.87205952380952,49.45092261904762,51.25257738095239,48.21974404761905,58.68847023809524,52.44316071428571,51.26327380952381,50.96587351190476,50.64169543650794,1.2205381281056085,0.9250600671917514,19.196799003466005,13.479295046955661,23.1787642682908,0.0,0.0
2020-09-13 00:00:00+00:00,51.50763095238095,2020,9,3,37,0,0,51.617744047619055,51.653375,52.07673809523809,50.89618452380952,49.81394642857144,58.534238095238095,53.348488095238096,51.80497916666667,51.01151934523809,50.924862103174604,0.21322406268591074,0.9499038030535841,14.458396167012875,10.231344594957156,19.21200575272382,3.541603832987125,0.0
2020-09-20 00:00:00+00:00,52.18132738095238,2020,9,3,38,0,0,51.50763095238095,51.617744047619055,51.87205952380952,50.4757380952381,50.48079166666666,55.37274404761904,53.22254761904762,51.662702380952375,51.087950148809526,51.06600248015874,0.15273704308668376,0.9637954665369991,18.50289695071168,14.21644619283208,22.242206305126665,0.0,0.0
2020-09-27 00:00:00+00:00,53.41193452380952,2020,9,3,39,0,0,52.18132738095238,51.50763095238095,51.653375,50.04939285714286,51.458875,53.47198214285714,54.82947619047619,51.740019345238096,51.30114880952381,51.207713789682536,0.3006745962481277,0.9970923965645667,17.037030735388896,13.91711436074776,20.022638868345325,0.9629692646111039,0.0
2020-10-04 00:00:00+00:00,57.41031944444444,2020,10,4,40,0,0,53.41193452380952,52.18132738095238,51.617744047619055,49.45092261904762,51.25257738095239,52.84526785714285,52.33063095238096,52.17965922619047,51.721466517857145,51.37046875000001,0.872902411606972,1.0976950064834368,5.368039912623422,0.2900681798556741,10.644449183320221,12.631960087376578,0.0
